account_id,customer_id,branch_city,account_type,balance,status
1,956,Ahmedabad,CURRENT,320182.97,ACTIVE
2,463,Delhi,CURRENT,47503.45,ACTIVE
3,565,Kolkata,CURRENT,486340.43,ACTIVE
4,77,Bangalore,SAVINGS,89670.14,ACTIVE
5,198,Ahmedabad,CURRENT,144403.02,ACTIVE
6,888,Chandigarh,SAVINGS,274419.0,ACTIVE
7,931,Gurgaon,CURRENT,302832.42,ACTIVE
8,163,Bangalore,CURRENT,390008.66,ACTIVE
9,990,Hyderabad,CURRENT,384763.51,ACTIVE
10,906,Lucknow,SAVINGS,122811.98,ACTIVE
11,829,Delhi,CURRENT,383867.66,ACTIVE
12,379,Kanpur,CURRENT,187989.67,ACTIVE
13,150,Ahmedabad,CURRENT,420734.53,ACTIVE
14,7,Chandigarh,CURRENT,280980.9,ACTIVE
15,252,Bangalore,SAVINGS,63987.84,ACTIVE
16,612,Kolkata,SAVINGS,340116.02,ACTIVE
17,524,Chandigarh,SAVINGS,160020.82,ACTIVE
18,133,Mumbai,SAVINGS,416040.07,ACTIVE
19,967,Ahmedabad,CURRENT,37983.14,ACTIVE
20,715,Bhopal,CURRENT,116840.02,ACTIVE
21,763,Indore,CURRENT,350064.02,ACTIVE
22,499,Delhi,SAVINGS,493427.39,ACTIVE
23,111,Noida,SAVINGS,60401.11,ACTIVE
24,904,Hyderabad,CURRENT,164343.7,ACTIVE
25,770,Kolkata,SAVINGS,192896.35,ACTIVE
26,435,Chennai,CURRENT,475225.29,ACTIVE
27,523,Chennai,SAVINGS,413426.94,ACTIVE
28,560,Pune,SAVINGS,23517.26,ACTIVE
29,814,Mumbai,CURRENT,188602.74,ACTIVE
30,715,Kanpur,SAVINGS,98530.72,ACTIVE
31,633,Noida,SAVINGS,391252.5,ACTIVE
32,734,Noida,SAVINGS,103079.06,ACTIVE
33,852,Noida,SAVINGS,253212.96,ACTIVE
34,765,Hyderabad,SAVINGS,118878.05,ACTIVE
35,804,Bhopal,CURRENT,332379.83,ACTIVE
36,342,Kanpur,CURRENT,409015.55,ACTIVE
37,49,Gurgaon,CURRENT,141622.91,ACTIVE
38,42,Bhopal,CURRENT,190516.17,ACTIVE
39,351,Chandigarh,CURRENT,334460.23,ACTIVE
40,207,Bhopal,SAVINGS,282516.67,ACTIVE
41,10,Lucknow,CURRENT,437290.83,ACTIVE
42,707,Jaipur,SAVINGS,407921.65,ACTIVE
43,732,Chandigarh,SAVINGS,159885.16,ACTIVE
44,342,Lucknow,SAVINGS,10831.78,ACTIVE
45,136,Ahmedabad,SAVINGS,350745.35,ACTIVE
46,521,Ahmedabad,SAVINGS,427220.71,ACTIVE
47,83,Indore,CURRENT,160025.5,ACTIVE
48,369,Kanpur,SAVINGS,273705.39,ACTIVE
49,320,Hyderabad,CURRENT,117730.01,ACTIVE
50,723,Ahmedabad,CURRENT,313296.92,ACTIVE
51,619,Mumbai,SAVINGS,375876.49,ACTIVE
52,394,Lucknow,SAVINGS,166622.83,ACTIVE
53,242,Bhopal,SAVINGS,363942.36,ACTIVE
54,127,Bhopal,SAVINGS,211447.47,ACTIVE
55,470,Gurgaon,SAVINGS,232066.64,ACTIVE
56,20,Bangalore,SAVINGS,456055.19,ACTIVE
57,11,Bhopal,SAVINGS,257442.25,ACTIVE
58,214,Bhopal,SAVINGS,381390.34,ACTIVE
59,50,Noida,SAVINGS,335157.39,ACTIVE
60,58,Lucknow,SAVINGS,234303.42,ACTIVE
61,370,Chandigarh,SAVINGS,299077.53,ACTIVE
62,438,Kanpur,SAVINGS,43480.78,ACTIVE
63,886,Delhi,CURRENT,452853.95,ACTIVE
64,264,Bangalore,CURRENT,11289.74,ACTIVE
65,915,Jaipur,CURRENT,294308.68,ACTIVE
66,354,Gurgaon,CURRENT,69105.03,ACTIVE
67,108,Chandigarh,SAVINGS,371752.23,ACTIVE
68,673,Bangalore,SAVINGS,455286.74,ACTIVE
69,806,Kanpur,SAVINGS,118229.25,ACTIVE
70,760,Bhopal,SAVINGS,132081.83,ACTIVE
71,819,Jaipur,SAVINGS,334790.28,ACTIVE
72,308,Bhopal,SAVINGS,291879.12,ACTIVE
73,917,Pune,SAVINGS,31499.34,ACTIVE
74,154,Mumbai,SAVINGS,305794.27,ACTIVE
75,842,Pune,CURRENT,446373.81,ACTIVE
76,585,Indore,CURRENT,419709.98,ACTIVE
77,468,Indore,CURRENT,142438.6,ACTIVE
78,549,Delhi,CURRENT,170146.54,ACTIVE
79,237,Noida,SAVINGS,20695.87,ACTIVE
80,67,Noida,CURRENT,1074.81,ACTIVE
81,99,Bangalore,CURRENT,372863.17,ACTIVE
82,389,Jaipur,SAVINGS,288948.83,ACTIVE
83,161,Chennai,SAVINGS,36564.62,ACTIVE
84,120,Noida,SAVINGS,226474.18,ACTIVE
85,700,Lucknow,CURRENT,322562.2,ACTIVE
86,583,Pune,SAVINGS,23602.2,ACTIVE
87,608,Hyderabad,CURRENT,291387.26,ACTIVE
88,530,Kanpur,CURRENT,293470.31,ACTIVE
89,904,Kolkata,SAVINGS,51194.46,ACTIVE
90,432,Lucknow,CURRENT,170139.01,ACTIVE
91,510,Indore,SAVINGS,466230.72,ACTIVE
92,838,Hyderabad,CURRENT,442105.13,ACTIVE
93,60,Kanpur,SAVINGS,393289.06,ACTIVE
94,236,Hyderabad,CURRENT,263552.42,ACTIVE
95,937,Chennai,CURRENT,170247.74,ACTIVE
96,675,Hyderabad,CURRENT,340365.28,ACTIVE
97,610,Bhopal,SAVINGS,98023.25,ACTIVE
98,438,Bhopal,SAVINGS,469731.71,ACTIVE
99,981,Kolkata,SAVINGS,422912.48,ACTIVE
100,236,Bangalore,CURRENT,343701.12,ACTIVE
101,948,Bangalore,CURRENT,457117.04,ACTIVE
102,162,Indore,CURRENT,328782.16,ACTIVE
103,576,Chennai,SAVINGS,190195.24,ACTIVE
104,623,Lucknow,CURRENT,7625.24,ACTIVE
105,158,Bangalore,CURRENT,391170.54,ACTIVE
106,600,Delhi,SAVINGS,212101.42,ACTIVE
107,987,Gurgaon,CURRENT,98164.89,ACTIVE
108,385,Bangalore,SAVINGS,444543.11,ACTIVE
109,616,Delhi,SAVINGS,426174.48,ACTIVE
110,608,Lucknow,CURRENT,328801.63,ACTIVE
111,722,Kanpur,SAVINGS,370677.83,ACTIVE
112,930,Hyderabad,CURRENT,112661.53,ACTIVE
113,554,Pune,CURRENT,452328.36,ACTIVE
114,752,Mumbai,SAVINGS,454565.86,ACTIVE
115,562,Gurgaon,CURRENT,227620.89,ACTIVE
116,539,Ahmedabad,CURRENT,182191.23,ACTIVE
117,998,Ahmedabad,CURRENT,88113.1,ACTIVE
118,177,Bangalore,SAVINGS,247784.36,ACTIVE
119,350,Delhi,CURRENT,253055.42,ACTIVE
120,128,Bangalore,SAVINGS,92953.2,ACTIVE
121,601,Ahmedabad,SAVINGS,7714.35,ACTIVE
122,884,Jaipur,SAVINGS,490022.22,ACTIVE
123,554,Indore,SAVINGS,208815.45,ACTIVE
124,237,Bangalore,CURRENT,53640.51,ACTIVE
125,645,Indore,CURRENT,62569.57,ACTIVE
126,568,Bangalore,CURRENT,265014.47,ACTIVE
127,308,Kanpur,SAVINGS,344678.34,ACTIVE
128,883,Bangalore,CURRENT,339861.85,ACTIVE
129,213,Bhopal,CURRENT,415398.73,ACTIVE
130,419,Mumbai,SAVINGS,445372.53,ACTIVE
131,889,Indore,CURRENT,146823.53,ACTIVE
132,970,Kolkata,SAVINGS,58162.99,ACTIVE
133,977,Noida,CURRENT,25467.52,ACTIVE
134,123,Mumbai,SAVINGS,15834.45,ACTIVE
135,985,Bangalore,CURRENT,360124.31,ACTIVE
136,557,Hyderabad,SAVINGS,15431.04,ACTIVE
137,394,Indore,CURRENT,140719.47,ACTIVE
138,685,Gurgaon,SAVINGS,13374.03,ACTIVE
139,80,Jaipur,SAVINGS,341061.18,ACTIVE
140,433,Pune,CURRENT,496146.16,ACTIVE
141,859,Lucknow,SAVINGS,443177.5,ACTIVE
142,185,Indore,CURRENT,364908.99,ACTIVE
143,226,Chennai,SAVINGS,174062.47,ACTIVE
144,718,Hyderabad,CURRENT,98075.55,ACTIVE
145,959,Ahmedabad,SAVINGS,73297.48,ACTIVE
146,311,Jaipur,SAVINGS,79883.33,ACTIVE
147,47,Delhi,CURRENT,151153.31,ACTIVE
148,583,Bhopal,CURRENT,337968.52,ACTIVE
149,639,Delhi,CURRENT,396868.28,ACTIVE
150,42,Indore,SAVINGS,199633.41,ACTIVE
151,503,Hyderabad,CURRENT,392801.98,ACTIVE
152,210,Chandigarh,SAVINGS,264667.76,ACTIVE
153,42,Mumbai,SAVINGS,254266.38,ACTIVE
154,281,Lucknow,SAVINGS,460621.54,ACTIVE
155,701,Kanpur,CURRENT,153296.18,ACTIVE
156,28,Bhopal,SAVINGS,458180.96,ACTIVE
157,14,Chandigarh,SAVINGS,474375.98,ACTIVE
158,549,Gurgaon,CURRENT,479184.12,ACTIVE
159,632,Bangalore,CURRENT,30709.5,ACTIVE
160,770,Delhi,CURRENT,148492.59,ACTIVE
161,983,Chennai,CURRENT,175605.59,ACTIVE
162,621,Delhi,SAVINGS,152355.29,ACTIVE
163,526,Chennai,CURRENT,234344.96,ACTIVE
164,174,Mumbai,SAVINGS,103343.05,ACTIVE
165,109,Bangalore,CURRENT,411793.41,ACTIVE
166,193,Indore,CURRENT,148891.4,ACTIVE
167,340,Bangalore,SAVINGS,163468.4,ACTIVE
168,38,Lucknow,CURRENT,174971.33,ACTIVE
169,334,Indore,CURRENT,299683.76,ACTIVE
170,575,Delhi,CURRENT,81493.18,ACTIVE
171,928,Chandigarh,CURRENT,67043.41,ACTIVE
172,563,Kanpur,CURRENT,310209.82,ACTIVE
173,625,Lucknow,CURRENT,142821.48,ACTIVE
174,290,Indore,SAVINGS,283490.06,ACTIVE
175,388,Mumbai,SAVINGS,310479.18,ACTIVE
176,846,Bhopal,CURRENT,171604.66,ACTIVE
177,947,Lucknow,CURRENT,110308.61,ACTIVE
178,175,Hyderabad,SAVINGS,476403.62,ACTIVE
179,823,Chennai,SAVINGS,483440.32,ACTIVE
180,882,Chandigarh,SAVINGS,340546.94,ACTIVE
181,37,Bhopal,SAVINGS,176396.8,ACTIVE
182,756,Lucknow,SAVINGS,280883.93,ACTIVE
183,609,Kanpur,CURRENT,480320.01,ACTIVE
184,909,Lucknow,CURRENT,74256.05,ACTIVE
185,764,Kanpur,CURRENT,117573.95,ACTIVE
186,5,Delhi,SAVINGS,183306.91,ACTIVE
187,700,Mumbai,CURRENT,145988.44,ACTIVE
188,55,Mumbai,SAVINGS,306341.24,ACTIVE
189,3,Bangalore,SAVINGS,110341.58,ACTIVE
190,331,Indore,CURRENT,8566.9,ACTIVE
191,255,Bhopal,CURRENT,125996.56,ACTIVE
192,876,Chandigarh,SAVINGS,215393.83,ACTIVE
193,540,Gurgaon,SAVINGS,173299.18,ACTIVE
194,104,Chandigarh,SAVINGS,300512.68,ACTIVE
195,458,Lucknow,SAVINGS,156321.45,ACTIVE
196,150,Bhopal,CURRENT,299096.56,ACTIVE
197,764,Bhopal,SAVINGS,24050.12,ACTIVE
198,98,Noida,CURRENT,93445.76,ACTIVE
199,477,Chandigarh,SAVINGS,262176.02,ACTIVE
200,528,Gurgaon,CURRENT,228808.07,ACTIVE
201,925,Chennai,SAVINGS,497772.58,ACTIVE
202,104,Delhi,CURRENT,238261.26,ACTIVE
203,283,Bangalore,CURRENT,252438.46,ACTIVE
204,67,Hyderabad,SAVINGS,198621.27,ACTIVE
205,1,Pune,CURRENT,172435.19,ACTIVE
206,553,Indore,SAVINGS,251927.48,ACTIVE
207,240,Kanpur,SAVINGS,360155.83,ACTIVE
208,42,Bangalore,CURRENT,131607.55,ACTIVE
209,172,Noida,CURRENT,158280.25,ACTIVE
210,418,Mumbai,SAVINGS,69236.73,ACTIVE
211,586,Kanpur,SAVINGS,377714.55,ACTIVE
212,521,Pune,CURRENT,234249.18,ACTIVE
213,385,Gurgaon,CURRENT,460188.54,ACTIVE
214,638,Gurgaon,CURRENT,63305.64,ACTIVE
215,439,Indore,CURRENT,111894.84,ACTIVE
216,762,Hyderabad,SAVINGS,338197.78,ACTIVE
217,445,Bangalore,SAVINGS,98934.44,ACTIVE
218,569,Mumbai,CURRENT,253878.15,ACTIVE
219,887,Jaipur,CURRENT,44727.36,ACTIVE
220,799,Hyderabad,SAVINGS,112379.22,ACTIVE
221,960,Pune,CURRENT,340712.91,ACTIVE
222,664,Bangalore,SAVINGS,277479.1,ACTIVE
223,984,Chennai,SAVINGS,267834.65,ACTIVE
224,987,Bangalore,CURRENT,389229.78,ACTIVE
225,111,Jaipur,SAVINGS,340191.04,ACTIVE
226,134,Hyderabad,SAVINGS,254985.32,ACTIVE
227,943,Gurgaon,SAVINGS,137047.72,ACTIVE
228,587,Lucknow,CURRENT,297143.77,ACTIVE
229,763,Ahmedabad,SAVINGS,228530.15,ACTIVE
230,525,Kolkata,SAVINGS,465817.11,ACTIVE
231,472,Mumbai,SAVINGS,192692.79,ACTIVE
232,423,Bangalore,SAVINGS,320085.58,ACTIVE
233,132,Kolkata,CURRENT,439323.65,ACTIVE
234,266,Chandigarh,CURRENT,345243.57,ACTIVE
235,242,Hyderabad,CURRENT,184924.18,ACTIVE
236,286,Lucknow,SAVINGS,182463.71,ACTIVE
237,813,Hyderabad,SAVINGS,209624.65,ACTIVE
238,99,Gurgaon,SAVINGS,262994.19,ACTIVE
239,70,Bangalore,SAVINGS,3974.32,ACTIVE
240,340,Chennai,SAVINGS,430402.05,ACTIVE
241,614,Mumbai,CURRENT,81384.03,ACTIVE
242,222,Gurgaon,CURRENT,77043.77,ACTIVE
243,307,Kanpur,CURRENT,190607.59,ACTIVE
244,147,Chandigarh,SAVINGS,398017.42,ACTIVE
245,850,Ahmedabad,SAVINGS,418818.67,ACTIVE
246,851,Chennai,SAVINGS,143997.55,ACTIVE
247,7,Kolkata,SAVINGS,470782.63,ACTIVE
248,157,Chandigarh,SAVINGS,442820.71,ACTIVE
249,437,Bangalore,SAVINGS,435975.93,ACTIVE
250,265,Kanpur,CURRENT,194173.39,ACTIVE
251,858,Pune,CURRENT,31786.62,ACTIVE
252,515,Hyderabad,SAVINGS,459506.17,ACTIVE
253,690,Kanpur,SAVINGS,398734.81,ACTIVE
254,709,Ahmedabad,SAVINGS,324074.73,ACTIVE
255,560,Ahmedabad,SAVINGS,153496.95,ACTIVE
256,106,Ahmedabad,SAVINGS,389190.11,ACTIVE
257,118,Gurgaon,CURRENT,13826.67,ACTIVE
258,119,Pune,SAVINGS,55451.07,ACTIVE
259,220,Mumbai,CURRENT,114288.44,ACTIVE
260,277,Kolkata,CURRENT,82948.92,ACTIVE
261,552,Lucknow,SAVINGS,64558.46,ACTIVE
262,475,Noida,CURRENT,186225.89,ACTIVE
263,787,Delhi,SAVINGS,463939.6,ACTIVE
264,332,Hyderabad,SAVINGS,393408.62,ACTIVE
265,27,Chennai,SAVINGS,135589.74,ACTIVE
266,254,Gurgaon,SAVINGS,132183.39,ACTIVE
267,850,Bangalore,SAVINGS,331355.58,ACTIVE
268,234,Indore,SAVINGS,491618.57,ACTIVE
269,277,Kolkata,SAVINGS,151391.67,ACTIVE
270,137,Bangalore,CURRENT,40550.96,ACTIVE
271,964,Lucknow,CURRENT,458860.92,ACTIVE
272,117,Kanpur,SAVINGS,48885.16,ACTIVE
273,748,Kanpur,SAVINGS,82303.07,ACTIVE
274,630,Gurgaon,CURRENT,296599.7,ACTIVE
275,266,Ahmedabad,SAVINGS,447758.58,ACTIVE
276,145,Kolkata,CURRENT,405873.51,ACTIVE
277,517,Kolkata,SAVINGS,217936.46,ACTIVE
278,868,Indore,SAVINGS,299190.37,ACTIVE
279,201,Lucknow,CURRENT,444334.74,ACTIVE
280,747,Lucknow,CURRENT,218518.25,ACTIVE
281,54,Chennai,SAVINGS,214569.16,ACTIVE
282,695,Chandigarh,SAVINGS,230363.32,ACTIVE
283,773,Pune,SAVINGS,362190.71,ACTIVE
284,843,Jaipur,CURRENT,435440.03,ACTIVE
285,239,Chandigarh,CURRENT,29847.21,ACTIVE
286,410,Kanpur,CURRENT,397221.89,ACTIVE
287,175,Ahmedabad,SAVINGS,238628.78,ACTIVE
288,586,Lucknow,CURRENT,408913.52,ACTIVE
289,501,Ahmedabad,CURRENT,273630.66,ACTIVE
290,749,Chennai,CURRENT,206566.56,ACTIVE
291,228,Mumbai,SAVINGS,341002.31,ACTIVE
292,203,Indore,SAVINGS,83791.39,ACTIVE
293,327,Chennai,CURRENT,417847.2,ACTIVE
294,884,Kolkata,SAVINGS,302519.47,ACTIVE
295,87,Jaipur,CURRENT,73162.19,ACTIVE
296,786,Bangalore,CURRENT,474187.71,ACTIVE
297,293,Noida,SAVINGS,445210.21,ACTIVE
298,102,Pune,SAVINGS,221846.09,ACTIVE
299,308,Mumbai,CURRENT,102940.32,ACTIVE
300,494,Lucknow,CURRENT,447414.15,ACTIVE
301,143,Chandigarh,CURRENT,335744.58,ACTIVE
302,297,Kolkata,SAVINGS,438591.3,ACTIVE
303,744,Ahmedabad,SAVINGS,253794.29,ACTIVE
304,787,Gurgaon,SAVINGS,82938.6,ACTIVE
305,695,Jaipur,SAVINGS,164366.18,ACTIVE
306,541,Indore,CURRENT,490967.38,ACTIVE
307,186,Pune,SAVINGS,59215.12,ACTIVE
308,54,Mumbai,CURRENT,491120.26,ACTIVE
309,164,Chandigarh,CURRENT,252684.4,ACTIVE
310,698,Noida,SAVINGS,230650.01,ACTIVE
311,291,Bhopal,SAVINGS,162586.83,ACTIVE
312,539,Bangalore,SAVINGS,51329.9,ACTIVE
313,68,Noida,CURRENT,267805.75,ACTIVE
314,504,Delhi,CURRENT,413818.6,ACTIVE
315,59,Lucknow,SAVINGS,50963.03,ACTIVE
316,380,Kolkata,CURRENT,35820.65,ACTIVE
317,369,Bhopal,SAVINGS,331610.43,ACTIVE
318,793,Delhi,SAVINGS,95777.63,ACTIVE
319,922,Kanpur,CURRENT,61926.31,ACTIVE
320,7,Indore,CURRENT,33123.91,ACTIVE
321,42,Gurgaon,CURRENT,292519.41,ACTIVE
322,55,Lucknow,SAVINGS,237885.23,ACTIVE
323,576,Ahmedabad,CURRENT,394338.44,ACTIVE
324,984,Jaipur,CURRENT,400575.47,ACTIVE
325,256,Lucknow,SAVINGS,246179.4,ACTIVE
326,204,Mumbai,CURRENT,223816.07,ACTIVE
327,497,Chennai,SAVINGS,158767.21,ACTIVE
328,289,Noida,CURRENT,67983.92,ACTIVE
329,629,Kanpur,CURRENT,48449.02,ACTIVE
330,917,Bhopal,CURRENT,115075.47,ACTIVE
331,554,Hyderabad,CURRENT,74530.27,ACTIVE
332,769,Pune,SAVINGS,173921.35,ACTIVE
333,995,Pune,CURRENT,38193.79,ACTIVE
334,543,Bhopal,SAVINGS,156425.85,ACTIVE
335,46,Jaipur,CURRENT,261445.5,ACTIVE
336,395,Jaipur,CURRENT,243363.37,ACTIVE
337,414,Hyderabad,SAVINGS,140258.23,ACTIVE
338,317,Pune,CURRENT,1632.72,ACTIVE
339,447,Bangalore,CURRENT,305181.94,ACTIVE
340,943,Hyderabad,CURRENT,258223.33,ACTIVE
341,370,Chennai,CURRENT,260233.19,ACTIVE
342,56,Mumbai,SAVINGS,317415.69,ACTIVE
343,221,Gurgaon,CURRENT,159519.05,ACTIVE
344,286,Chennai,SAVINGS,84706.11,ACTIVE
345,433,Kanpur,SAVINGS,355732.96,ACTIVE
346,354,Hyderabad,CURRENT,234782.52,ACTIVE
347,290,Chandigarh,CURRENT,453367.18,ACTIVE
348,964,Noida,CURRENT,416208.9,ACTIVE
349,905,Delhi,CURRENT,357215.0,ACTIVE
350,265,Delhi,CURRENT,180716.28,ACTIVE
351,994,Delhi,CURRENT,127077.23,ACTIVE
352,572,Bhopal,SAVINGS,331773.51,ACTIVE
353,996,Bhopal,SAVINGS,34236.89,ACTIVE
354,184,Mumbai,SAVINGS,153890.11,ACTIVE
355,854,Hyderabad,CURRENT,428240.17,ACTIVE
356,864,Kolkata,CURRENT,183662.81,ACTIVE
357,452,Noida,CURRENT,25056.3,ACTIVE
358,701,Bhopal,SAVINGS,222711.23,ACTIVE
359,259,Bhopal,CURRENT,122130.86,ACTIVE
360,677,Lucknow,CURRENT,456161.31,ACTIVE
361,847,Indore,SAVINGS,227218.98,ACTIVE
362,479,Chandigarh,SAVINGS,411902.77,ACTIVE
363,522,Kanpur,CURRENT,255383.77,ACTIVE
364,873,Chandigarh,CURRENT,472512.87,ACTIVE
365,896,Mumbai,SAVINGS,122465.17,ACTIVE
366,629,Chandigarh,SAVINGS,81319.01,ACTIVE
367,151,Bhopal,CURRENT,412725.67,ACTIVE
368,55,Chandigarh,CURRENT,15588.23,ACTIVE
369,378,Kolkata,CURRENT,9588.58,ACTIVE
370,58,Mumbai,SAVINGS,114018.92,ACTIVE
371,195,Kolkata,CURRENT,428556.47,ACTIVE
372,428,Hyderabad,SAVINGS,451675.26,ACTIVE
373,162,Mumbai,SAVINGS,348143.37,ACTIVE
374,675,Kolkata,CURRENT,160309.35,ACTIVE
375,970,Chennai,SAVINGS,408554.85,ACTIVE
376,359,Hyderabad,SAVINGS,187249.69,ACTIVE
377,718,Hyderabad,CURRENT,463514.73,ACTIVE
378,954,Lucknow,CURRENT,139476.99,ACTIVE
379,482,Lucknow,SAVINGS,301973.01,ACTIVE
380,97,Gurgaon,SAVINGS,211545.78,ACTIVE
381,870,Indore,SAVINGS,329413.64,ACTIVE
382,222,Ahmedabad,CURRENT,176418.26,ACTIVE
383,655,Gurgaon,SAVINGS,477665.43,ACTIVE
384,391,Bangalore,SAVINGS,192902.03,ACTIVE
385,558,Mumbai,CURRENT,330742.78,ACTIVE
386,206,Mumbai,CURRENT,345167.38,ACTIVE
387,510,Kolkata,SAVINGS,93198.07,ACTIVE
388,66,Bhopal,SAVINGS,178338.39,ACTIVE
389,396,Pune,SAVINGS,69713.29,ACTIVE
390,644,Bhopal,CURRENT,90273.19,ACTIVE
391,436,Delhi,CURRENT,172375.64,ACTIVE
392,343,Gurgaon,CURRENT,431056.59,ACTIVE
393,62,Lucknow,SAVINGS,254747.07,ACTIVE
394,313,Indore,CURRENT,466235.76,ACTIVE
395,15,Chennai,SAVINGS,185002.64,ACTIVE
396,684,Chandigarh,SAVINGS,491919.91,ACTIVE
397,170,Hyderabad,SAVINGS,194515.51,ACTIVE
398,410,Hyderabad,SAVINGS,296615.27,ACTIVE
399,137,Kolkata,CURRENT,3707.67,ACTIVE
400,782,Chennai,CURRENT,266541.08,ACTIVE
401,610,Bangalore,SAVINGS,393195.54,ACTIVE
402,731,Gurgaon,SAVINGS,111401.16,ACTIVE
403,543,Delhi,SAVINGS,105051.32,ACTIVE
404,892,Gurgaon,CURRENT,172876.12,ACTIVE
405,706,Ahmedabad,CURRENT,486731.18,ACTIVE
406,772,Mumbai,SAVINGS,91758.39,ACTIVE
407,433,Mumbai,CURRENT,84861.37,ACTIVE
408,489,Ahmedabad,SAVINGS,135302.47,ACTIVE
409,533,Pune,CURRENT,108814.89,ACTIVE
410,256,Bhopal,CURRENT,336299.49,ACTIVE
411,38,Mumbai,CURRENT,475735.9,ACTIVE
412,902,Chennai,SAVINGS,449483.54,ACTIVE
413,579,Gurgaon,SAVINGS,4923.93,ACTIVE
414,559,Chennai,SAVINGS,340323.77,ACTIVE
415,500,Bhopal,SAVINGS,237847.21,ACTIVE
416,993,Kanpur,SAVINGS,104034.71,ACTIVE
417,927,Noida,SAVINGS,385017.61,ACTIVE
418,119,Chennai,CURRENT,182396.37,ACTIVE
419,893,Indore,CURRENT,486065.34,ACTIVE
420,199,Kolkata,CURRENT,231728.76,ACTIVE
421,803,Indore,CURRENT,412176.8,ACTIVE
422,11,Kanpur,CURRENT,403574.97,ACTIVE
423,408,Ahmedabad,SAVINGS,19477.79,ACTIVE
424,123,Kanpur,CURRENT,478977.32,ACTIVE
425,386,Mumbai,CURRENT,84141.6,ACTIVE
426,690,Jaipur,CURRENT,8476.93,ACTIVE
427,512,Jaipur,SAVINGS,129866.52,ACTIVE
428,418,Hyderabad,CURRENT,89396.05,ACTIVE
429,91,Bhopal,SAVINGS,463496.88,ACTIVE
430,815,Jaipur,SAVINGS,73377.29,ACTIVE
431,294,Indore,CURRENT,83460.25,ACTIVE
432,451,Jaipur,CURRENT,353870.4,ACTIVE
433,782,Lucknow,CURRENT,203009.95,ACTIVE
434,106,Chennai,CURRENT,243787.37,ACTIVE
435,623,Ahmedabad,SAVINGS,226506.52,ACTIVE
436,809,Bhopal,SAVINGS,128615.68,ACTIVE
437,403,Hyderabad,SAVINGS,215156.59,ACTIVE
438,901,Bhopal,CURRENT,134769.03,ACTIVE
439,245,Pune,SAVINGS,465378.54,ACTIVE
440,876,Hyderabad,SAVINGS,367897.52,ACTIVE
441,791,Bangalore,CURRENT,415197.41,ACTIVE
442,367,Chennai,SAVINGS,180932.74,ACTIVE
443,184,Jaipur,SAVINGS,352294.91,ACTIVE
444,21,Pune,CURRENT,24990.01,ACTIVE
445,663,Chandigarh,SAVINGS,280839.99,ACTIVE
446,716,Bhopal,SAVINGS,485070.28,ACTIVE
447,248,Hyderabad,CURRENT,7787.79,ACTIVE
448,787,Kanpur,SAVINGS,407559.39,ACTIVE
449,589,Delhi,SAVINGS,262658.53,ACTIVE
450,700,Bhopal,SAVINGS,475371.11,ACTIVE
451,807,Ahmedabad,CURRENT,495032.21,ACTIVE
452,925,Noida,SAVINGS,442884.94,ACTIVE
453,555,Indore,CURRENT,472864.0,ACTIVE
454,662,Mumbai,SAVINGS,78649.58,ACTIVE
455,933,Lucknow,SAVINGS,60502.18,ACTIVE
456,399,Bhopal,SAVINGS,37758.0,ACTIVE
457,393,Chennai,CURRENT,282115.11,ACTIVE
458,23,Chennai,CURRENT,289318.84,ACTIVE
459,801,Hyderabad,CURRENT,421108.27,ACTIVE
460,888,Lucknow,CURRENT,172226.53,ACTIVE
461,149,Kolkata,SAVINGS,437865.48,ACTIVE
462,497,Chandigarh,SAVINGS,228304.01,ACTIVE
463,504,Gurgaon,CURRENT,265155.42,ACTIVE
464,25,Gurgaon,CURRENT,409137.41,ACTIVE
465,123,Pune,SAVINGS,141154.22,ACTIVE
466,720,Chennai,CURRENT,77991.94,ACTIVE
467,838,Indore,SAVINGS,63425.63,ACTIVE
468,931,Bangalore,SAVINGS,377101.64,ACTIVE
469,908,Lucknow,CURRENT,254998.35,ACTIVE
470,196,Bangalore,SAVINGS,48880.9,ACTIVE
471,320,Kanpur,CURRENT,221676.63,ACTIVE
472,669,Mumbai,CURRENT,389390.78,ACTIVE
473,351,Chandigarh,SAVINGS,499591.5,ACTIVE
474,775,Lucknow,SAVINGS,468036.72,ACTIVE
475,848,Bhopal,CURRENT,433370.0,ACTIVE
476,96,Kolkata,SAVINGS,216116.74,ACTIVE
477,236,Kolkata,CURRENT,351489.7,ACTIVE
478,232,Pune,CURRENT,389653.41,ACTIVE
479,691,Noida,CURRENT,20534.74,ACTIVE
480,681,Hyderabad,SAVINGS,387526.13,ACTIVE
481,578,Kanpur,SAVINGS,238560.27,ACTIVE
482,517,Delhi,CURRENT,316933.92,ACTIVE
483,651,Ahmedabad,CURRENT,280277.46,ACTIVE
484,685,Mumbai,CURRENT,410360.18,ACTIVE
485,884,Kanpur,SAVINGS,116998.49,ACTIVE
486,647,Indore,SAVINGS,280992.97,ACTIVE
487,388,Kolkata,SAVINGS,29329.74,ACTIVE
488,407,Kolkata,CURRENT,242646.29,ACTIVE
489,241,Pune,CURRENT,124585.09,ACTIVE
490,622,Bhopal,CURRENT,205509.45,ACTIVE
491,516,Lucknow,SAVINGS,287293.8,ACTIVE
492,320,Kolkata,SAVINGS,183109.82,ACTIVE
493,465,Lucknow,SAVINGS,74752.46,ACTIVE
494,255,Lucknow,SAVINGS,414206.53,ACTIVE
495,398,Kanpur,SAVINGS,488221.59,ACTIVE
496,576,Kanpur,SAVINGS,125360.61,ACTIVE
497,257,Kanpur,SAVINGS,476469.31,ACTIVE
498,167,Jaipur,CURRENT,403518.58,ACTIVE
499,653,Chandigarh,SAVINGS,66636.4,ACTIVE
500,7,Noida,CURRENT,41305.58,ACTIVE
501,904,Indore,SAVINGS,446562.59,ACTIVE
502,613,Bangalore,SAVINGS,358145.74,ACTIVE
503,740,Bangalore,SAVINGS,88705.83,ACTIVE
504,650,Ahmedabad,CURRENT,397398.2,ACTIVE
505,291,Pune,SAVINGS,11388.49,ACTIVE
506,264,Indore,SAVINGS,101826.89,ACTIVE
507,154,Hyderabad,CURRENT,451044.29,ACTIVE
508,706,Noida,SAVINGS,250655.35,ACTIVE
509,505,Chandigarh,SAVINGS,31552.62,ACTIVE
510,549,Jaipur,CURRENT,369112.1,ACTIVE
511,223,Delhi,SAVINGS,285594.63,ACTIVE
512,211,Chandigarh,SAVINGS,379081.35,ACTIVE
513,616,Chandigarh,SAVINGS,408754.49,ACTIVE
514,447,Indore,SAVINGS,282123.82,ACTIVE
515,544,Jaipur,SAVINGS,169264.01,ACTIVE
516,988,Gurgaon,SAVINGS,291202.49,ACTIVE
517,811,Chennai,CURRENT,299401.75,ACTIVE
518,843,Lucknow,CURRENT,306521.97,ACTIVE
519,227,Bangalore,CURRENT,476344.45,ACTIVE
520,568,Kanpur,CURRENT,123333.56,ACTIVE
521,960,Pune,SAVINGS,234095.37,ACTIVE
522,800,Chennai,SAVINGS,21060.39,ACTIVE
523,568,Chandigarh,CURRENT,454932.01,ACTIVE
524,90,Mumbai,CURRENT,433879.67,ACTIVE
525,869,Jaipur,SAVINGS,236161.42,ACTIVE
526,821,Noida,SAVINGS,402541.98,ACTIVE
527,440,Indore,SAVINGS,486251.29,ACTIVE
528,255,Bhopal,SAVINGS,237172.67,ACTIVE
529,618,Gurgaon,SAVINGS,123763.28,ACTIVE
530,291,Ahmedabad,CURRENT,280813.81,ACTIVE
531,286,Delhi,CURRENT,114257.4,ACTIVE
532,207,Chennai,SAVINGS,3753.68,ACTIVE
533,123,Indore,CURRENT,58329.88,ACTIVE
534,448,Kanpur,CURRENT,17543.56,ACTIVE
535,907,Bangalore,SAVINGS,125076.73,ACTIVE
536,896,Chennai,SAVINGS,308138.35,ACTIVE
537,935,Ahmedabad,CURRENT,48290.33,ACTIVE
538,202,Mumbai,CURRENT,374453.12,ACTIVE
539,708,Chennai,SAVINGS,229233.2,ACTIVE
540,275,Ahmedabad,SAVINGS,247273.44,ACTIVE
541,288,Pune,SAVINGS,81505.3,ACTIVE
542,87,Hyderabad,SAVINGS,120750.75,ACTIVE
543,298,Indore,SAVINGS,316162.91,ACTIVE
544,10,Pune,CURRENT,217110.44,ACTIVE
545,486,Indore,CURRENT,484870.24,ACTIVE
546,114,Kanpur,CURRENT,334796.31,ACTIVE
547,606,Lucknow,SAVINGS,262775.7,ACTIVE
548,317,Jaipur,SAVINGS,357014.13,ACTIVE
549,443,Pune,SAVINGS,357523.26,ACTIVE
550,137,Chennai,SAVINGS,369159.77,ACTIVE
551,942,Ahmedabad,CURRENT,349143.12,ACTIVE
552,64,Delhi,SAVINGS,251989.05,ACTIVE
553,521,Kolkata,SAVINGS,367800.72,ACTIVE
554,156,Chandigarh,SAVINGS,260453.2,ACTIVE
555,399,Pune,CURRENT,346340.12,ACTIVE
556,488,Jaipur,SAVINGS,426048.38,ACTIVE
557,924,Ahmedabad,CURRENT,77745.07,ACTIVE
558,382,Indore,CURRENT,314641.19,ACTIVE
559,193,Jaipur,CURRENT,349593.1,ACTIVE
560,481,Kolkata,SAVINGS,268553.61,ACTIVE
561,835,Ahmedabad,CURRENT,82915.43,ACTIVE
562,663,Noida,SAVINGS,5656.42,ACTIVE
563,376,Hyderabad,CURRENT,380323.26,ACTIVE
564,792,Gurgaon,CURRENT,175750.88,ACTIVE
565,175,Delhi,CURRENT,460276.52,ACTIVE
566,635,Indore,SAVINGS,318362.04,ACTIVE
567,310,Ahmedabad,SAVINGS,468847.01,ACTIVE
568,693,Indore,CURRENT,406375.03,ACTIVE
569,709,Kanpur,CURRENT,300919.47,ACTIVE
570,528,Pune,CURRENT,190633.09,ACTIVE
571,508,Mumbai,CURRENT,365384.99,ACTIVE
572,70,Mumbai,SAVINGS,238432.61,ACTIVE
573,981,Chandigarh,SAVINGS,62972.27,ACTIVE
574,956,Mumbai,SAVINGS,267766.65,ACTIVE
575,179,Kolkata,CURRENT,190330.37,ACTIVE
576,931,Jaipur,CURRENT,451532.7,ACTIVE
577,747,Kanpur,CURRENT,86108.79,ACTIVE
578,151,Pune,CURRENT,235498.95,ACTIVE
579,804,Ahmedabad,CURRENT,470527.13,ACTIVE
580,42,Indore,CURRENT,85392.42,ACTIVE
581,353,Chennai,SAVINGS,50575.02,ACTIVE
582,282,Indore,CURRENT,470223.86,ACTIVE
583,708,Hyderabad,CURRENT,179643.57,ACTIVE
584,28,Delhi,SAVINGS,367246.56,ACTIVE
585,886,Delhi,SAVINGS,113353.18,ACTIVE
586,655,Delhi,SAVINGS,394279.13,ACTIVE
587,498,Jaipur,CURRENT,194162.52,ACTIVE
588,911,Lucknow,CURRENT,390543.67,ACTIVE
589,76,Gurgaon,CURRENT,354115.6,ACTIVE
590,433,Mumbai,CURRENT,391524.06,ACTIVE
591,876,Kanpur,SAVINGS,258003.54,ACTIVE
592,118,Kolkata,SAVINGS,74375.95,ACTIVE
593,481,Chennai,SAVINGS,165479.37,ACTIVE
594,866,Gurgaon,CURRENT,385132.61,ACTIVE
595,736,Indore,CURRENT,368432.14,ACTIVE
596,286,Chennai,SAVINGS,22537.33,ACTIVE
597,469,Lucknow,SAVINGS,144851.24,ACTIVE
598,983,Chennai,SAVINGS,453903.36,ACTIVE
599,564,Mumbai,CURRENT,212501.82,ACTIVE
600,986,Mumbai,CURRENT,189597.2,ACTIVE
601,753,Jaipur,CURRENT,447440.4,ACTIVE
602,182,Chennai,CURRENT,423356.35,ACTIVE
603,227,Indore,SAVINGS,107202.43,ACTIVE
604,361,Jaipur,SAVINGS,307871.13,ACTIVE
605,808,Hyderabad,SAVINGS,32612.73,ACTIVE
606,477,Gurgaon,SAVINGS,257080.36,ACTIVE
607,988,Kanpur,SAVINGS,405516.89,ACTIVE
608,244,Indore,SAVINGS,197671.2,ACTIVE
609,228,Noida,CURRENT,228689.46,ACTIVE
610,489,Lucknow,SAVINGS,187738.34,ACTIVE
611,702,Kolkata,SAVINGS,147021.22,ACTIVE
612,417,Lucknow,CURRENT,431086.86,ACTIVE
613,941,Noida,SAVINGS,77224.49,ACTIVE
614,849,Chandigarh,CURRENT,213587.74,ACTIVE
615,90,Lucknow,SAVINGS,57949.72,ACTIVE
616,511,Gurgaon,SAVINGS,319587.55,ACTIVE
617,977,Chennai,CURRENT,425007.91,ACTIVE
618,143,Gurgaon,SAVINGS,70363.38,ACTIVE
619,1,Noida,SAVINGS,264715.51,ACTIVE
620,909,Ahmedabad,SAVINGS,279606.04,ACTIVE
621,312,Lucknow,SAVINGS,104873.76,ACTIVE
622,516,Noida,CURRENT,210291.64,ACTIVE
623,24,Indore,CURRENT,119602.02,ACTIVE
624,229,Bangalore,CURRENT,379494.93,ACTIVE
625,277,Mumbai,CURRENT,355570.45,ACTIVE
626,491,Noida,CURRENT,330862.11,ACTIVE
627,927,Pune,CURRENT,28258.33,ACTIVE
628,95,Pune,SAVINGS,49126.03,ACTIVE
629,533,Gurgaon,SAVINGS,249795.22,ACTIVE
630,18,Gurgaon,SAVINGS,5414.79,ACTIVE
631,632,Indore,CURRENT,423451.71,ACTIVE
632,168,Delhi,CURRENT,20867.75,ACTIVE
633,693,Indore,CURRENT,317068.41,ACTIVE
634,129,Noida,SAVINGS,61554.33,ACTIVE
635,407,Chandigarh,CURRENT,3712.59,ACTIVE
636,921,Chandigarh,SAVINGS,125070.78,ACTIVE
637,226,Chennai,CURRENT,442586.45,ACTIVE
638,740,Pune,CURRENT,226717.01,ACTIVE
639,781,Bangalore,SAVINGS,180806.32,ACTIVE
640,96,Kolkata,CURRENT,310497.54,ACTIVE
641,885,Bhopal,CURRENT,48655.82,ACTIVE
642,270,Bangalore,SAVINGS,203264.36,ACTIVE
643,580,Delhi,SAVINGS,195908.32,ACTIVE
644,979,Chennai,SAVINGS,325230.11,ACTIVE
645,287,Chennai,CURRENT,91347.75,ACTIVE
646,269,Chennai,SAVINGS,154761.27,ACTIVE
647,144,Gurgaon,CURRENT,275808.3,ACTIVE
648,787,Noida,CURRENT,70787.56,ACTIVE
649,814,Ahmedabad,SAVINGS,34145.07,ACTIVE
650,279,Kolkata,SAVINGS,308997.61,ACTIVE
651,130,Mumbai,SAVINGS,200167.2,ACTIVE
652,551,Kanpur,SAVINGS,299867.89,ACTIVE
653,922,Jaipur,CURRENT,135659.73,ACTIVE
654,618,Hyderabad,SAVINGS,420721.55,ACTIVE
655,64,Bangalore,SAVINGS,330120.0,ACTIVE
656,459,Lucknow,CURRENT,227940.98,ACTIVE
657,173,Bhopal,CURRENT,107166.78,ACTIVE
658,564,Kolkata,SAVINGS,398698.26,ACTIVE
659,49,Chennai,SAVINGS,15343.11,ACTIVE
660,92,Pune,CURRENT,78209.41,ACTIVE
661,9,Jaipur,SAVINGS,408739.36,ACTIVE
662,617,Kolkata,SAVINGS,88306.48,ACTIVE
663,762,Bhopal,SAVINGS,292085.49,ACTIVE
664,762,Indore,CURRENT,252779.26,ACTIVE
665,483,Kanpur,CURRENT,358546.61,ACTIVE
666,132,Chennai,CURRENT,419186.03,ACTIVE
667,383,Hyderabad,SAVINGS,245827.96,ACTIVE
668,591,Kolkata,SAVINGS,126325.24,ACTIVE
669,154,Noida,CURRENT,273497.71,ACTIVE
670,733,Delhi,CURRENT,346403.11,ACTIVE
671,552,Indore,CURRENT,364651.97,ACTIVE
672,756,Chennai,SAVINGS,368994.83,ACTIVE
673,781,Noida,CURRENT,7212.56,ACTIVE
674,289,Indore,CURRENT,415950.51,ACTIVE
675,151,Ahmedabad,SAVINGS,89914.41,ACTIVE
676,713,Gurgaon,SAVINGS,398499.18,ACTIVE
677,530,Bhopal,SAVINGS,478358.11,ACTIVE
678,252,Chandigarh,SAVINGS,261655.43,ACTIVE
679,751,Chandigarh,SAVINGS,339511.87,ACTIVE
680,470,Kanpur,SAVINGS,303457.58,ACTIVE
681,259,Kanpur,CURRENT,320039.05,ACTIVE
682,229,Jaipur,SAVINGS,448599.04,ACTIVE
683,73,Ahmedabad,CURRENT,358987.73,ACTIVE
684,508,Mumbai,CURRENT,448570.72,ACTIVE
685,322,Gurgaon,SAVINGS,2538.17,ACTIVE
686,621,Ahmedabad,CURRENT,460343.0,ACTIVE
687,927,Gurgaon,CURRENT,423053.45,ACTIVE
688,983,Chandigarh,SAVINGS,458706.21,ACTIVE
689,991,Mumbai,SAVINGS,151377.46,ACTIVE
690,644,Lucknow,CURRENT,127773.02,ACTIVE
691,541,Chennai,SAVINGS,237635.85,ACTIVE
692,194,Ahmedabad,SAVINGS,399323.33,ACTIVE
693,478,Indore,CURRENT,220083.48,ACTIVE
694,123,Kolkata,SAVINGS,379866.13,ACTIVE
695,568,Chandigarh,SAVINGS,300953.29,ACTIVE
696,128,Bhopal,CURRENT,264300.96,ACTIVE
697,181,Indore,SAVINGS,285031.38,ACTIVE
698,154,Bhopal,SAVINGS,227260.78,ACTIVE
699,160,Hyderabad,CURRENT,122408.24,ACTIVE
700,249,Gurgaon,SAVINGS,467275.22,ACTIVE
701,736,Bangalore,CURRENT,267857.24,ACTIVE
702,185,Kanpur,CURRENT,432493.88,ACTIVE
703,227,Chandigarh,CURRENT,344343.74,ACTIVE
704,705,Gurgaon,SAVINGS,451805.47,ACTIVE
705,453,Chennai,CURRENT,474476.04,ACTIVE
706,950,Kanpur,SAVINGS,236828.99,ACTIVE
707,675,Gurgaon,SAVINGS,390545.81,ACTIVE
708,847,Hyderabad,CURRENT,188626.51,ACTIVE
709,529,Pune,SAVINGS,228990.68,ACTIVE
710,708,Chandigarh,SAVINGS,438054.55,ACTIVE
711,79,Hyderabad,CURRENT,54470.13,ACTIVE
712,121,Bhopal,CURRENT,457931.52,ACTIVE
713,563,Indore,CURRENT,497614.6,ACTIVE
714,565,Noida,CURRENT,119471.9,ACTIVE
715,903,Chennai,CURRENT,104778.56,ACTIVE
716,886,Pune,SAVINGS,431987.37,ACTIVE
717,445,Lucknow,SAVINGS,429289.81,ACTIVE
718,986,Bangalore,CURRENT,345673.77,ACTIVE
719,398,Mumbai,SAVINGS,432303.33,ACTIVE
720,400,Pune,SAVINGS,417042.51,ACTIVE
721,239,Pune,SAVINGS,41141.64,ACTIVE
722,19,Chandigarh,CURRENT,435053.7,ACTIVE
723,702,Gurgaon,SAVINGS,403069.37,ACTIVE
724,122,Kolkata,SAVINGS,97503.22,ACTIVE
725,422,Ahmedabad,CURRENT,415679.54,ACTIVE
726,462,Gurgaon,SAVINGS,268197.11,ACTIVE
727,480,Delhi,SAVINGS,456451.07,ACTIVE
728,909,Hyderabad,CURRENT,25352.99,ACTIVE
729,647,Kolkata,CURRENT,300835.07,ACTIVE
730,383,Noida,SAVINGS,178423.49,ACTIVE
731,950,Bangalore,SAVINGS,97906.61,ACTIVE
732,115,Chennai,SAVINGS,52357.74,ACTIVE
733,242,Ahmedabad,SAVINGS,489307.31,ACTIVE
734,344,Chandigarh,CURRENT,455801.69,ACTIVE
735,86,Kolkata,SAVINGS,157638.95,ACTIVE
736,100,Lucknow,SAVINGS,307141.06,ACTIVE
737,746,Noida,CURRENT,444109.47,ACTIVE
738,378,Jaipur,CURRENT,150805.66,ACTIVE
739,945,Noida,SAVINGS,498171.73,ACTIVE
740,565,Pune,CURRENT,432191.26,ACTIVE
741,321,Ahmedabad,SAVINGS,168420.87,ACTIVE
742,140,Noida,SAVINGS,104609.96,ACTIVE
743,717,Gurgaon,SAVINGS,261026.76,ACTIVE
744,760,Lucknow,CURRENT,360171.83,ACTIVE
745,50,Ahmedabad,SAVINGS,70306.8,ACTIVE
746,24,Jaipur,CURRENT,292730.98,ACTIVE
747,842,Bhopal,SAVINGS,81591.62,ACTIVE
748,929,Lucknow,CURRENT,256082.26,ACTIVE
749,418,Bhopal,CURRENT,88180.27,ACTIVE
750,329,Bhopal,CURRENT,472356.13,ACTIVE
751,372,Indore,CURRENT,32461.36,ACTIVE
752,850,Lucknow,CURRENT,393602.69,ACTIVE
753,665,Bangalore,SAVINGS,497302.04,ACTIVE
754,952,Noida,SAVINGS,339246.26,ACTIVE
755,417,Gurgaon,CURRENT,439484.81,ACTIVE
756,166,Lucknow,SAVINGS,476021.72,ACTIVE
757,35,Noida,CURRENT,193091.69,ACTIVE
758,151,Noida,SAVINGS,413804.85,ACTIVE
759,471,Chennai,CURRENT,319766.95,ACTIVE
760,798,Kanpur,SAVINGS,255601.24,ACTIVE
761,885,Bangalore,CURRENT,104214.42,ACTIVE
762,746,Mumbai,SAVINGS,448446.25,ACTIVE
763,785,Mumbai,CURRENT,2285.67,ACTIVE
764,548,Ahmedabad,SAVINGS,212702.0,ACTIVE
765,798,Chandigarh,SAVINGS,187776.35,ACTIVE
766,28,Kolkata,SAVINGS,274257.49,ACTIVE
767,521,Kolkata,CURRENT,452981.14,ACTIVE
768,826,Chandigarh,CURRENT,11494.72,ACTIVE
769,767,Bangalore,SAVINGS,113005.67,ACTIVE
770,765,Pune,SAVINGS,233126.63,ACTIVE
771,774,Noida,CURRENT,304452.43,ACTIVE
772,672,Ahmedabad,CURRENT,214040.47,ACTIVE
773,371,Indore,SAVINGS,426176.98,ACTIVE
774,561,Pune,SAVINGS,260613.55,ACTIVE
775,671,Pune,SAVINGS,484989.39,ACTIVE
776,353,Jaipur,CURRENT,110889.94,ACTIVE
777,975,Delhi,CURRENT,277842.38,ACTIVE
778,72,Hyderabad,CURRENT,149103.41,ACTIVE
779,662,Ahmedabad,SAVINGS,355315.57,ACTIVE
780,951,Noida,CURRENT,266894.19,ACTIVE
781,623,Chandigarh,SAVINGS,95372.0,ACTIVE
782,812,Pune,SAVINGS,375842.86,ACTIVE
783,146,Delhi,CURRENT,216925.55,ACTIVE
784,1,Kolkata,SAVINGS,261950.75,ACTIVE
785,193,Pune,SAVINGS,360424.31,ACTIVE
786,970,Bangalore,CURRENT,486564.67,ACTIVE
787,209,Hyderabad,CURRENT,317846.5,ACTIVE
788,919,Noida,SAVINGS,60268.85,ACTIVE
789,785,Pune,SAVINGS,126267.12,ACTIVE
790,61,Noida,SAVINGS,175689.92,ACTIVE
791,54,Kanpur,SAVINGS,299445.77,ACTIVE
792,777,Mumbai,SAVINGS,233258.92,ACTIVE
793,606,Gurgaon,CURRENT,348622.56,ACTIVE
794,537,Ahmedabad,CURRENT,127564.91,ACTIVE
795,755,Kolkata,CURRENT,192572.69,ACTIVE
796,257,Jaipur,SAVINGS,230911.64,ACTIVE
797,159,Indore,CURRENT,24997.66,ACTIVE
798,483,Chennai,CURRENT,20214.0,ACTIVE
799,533,Bhopal,CURRENT,367289.76,ACTIVE
800,45,Noida,SAVINGS,278822.77,ACTIVE
801,85,Mumbai,SAVINGS,83195.37,ACTIVE
802,544,Jaipur,CURRENT,179900.51,ACTIVE
803,52,Kanpur,CURRENT,84134.45,ACTIVE
804,833,Delhi,SAVINGS,246000.62,ACTIVE
805,682,Pune,CURRENT,264510.46,ACTIVE
806,524,Jaipur,SAVINGS,350001.3,ACTIVE
807,789,Jaipur,CURRENT,255170.63,ACTIVE
808,298,Gurgaon,CURRENT,303978.98,ACTIVE
809,553,Chandigarh,CURRENT,427786.3,ACTIVE
810,8,Delhi,SAVINGS,370668.78,ACTIVE
811,715,Delhi,CURRENT,183290.84,ACTIVE
812,619,Bhopal,CURRENT,422527.75,ACTIVE
813,759,Gurgaon,SAVINGS,120416.19,ACTIVE
814,403,Noida,CURRENT,427949.41,ACTIVE
815,182,Bhopal,SAVINGS,162463.05,ACTIVE
816,765,Jaipur,SAVINGS,211280.06,ACTIVE
817,206,Jaipur,SAVINGS,349282.25,ACTIVE
818,439,Bangalore,SAVINGS,404355.55,ACTIVE
819,927,Jaipur,SAVINGS,380827.67,ACTIVE
820,22,Chennai,CURRENT,168717.24,ACTIVE
821,823,Pune,CURRENT,210229.77,ACTIVE
822,334,Mumbai,CURRENT,8630.06,ACTIVE
823,315,Mumbai,SAVINGS,224707.92,ACTIVE
824,909,Delhi,CURRENT,372122.78,ACTIVE
825,87,Ahmedabad,SAVINGS,398634.15,ACTIVE
826,978,Bangalore,SAVINGS,211178.08,ACTIVE
827,402,Delhi,SAVINGS,265181.95,ACTIVE
828,743,Hyderabad,CURRENT,425846.04,ACTIVE
829,824,Chandigarh,CURRENT,132900.87,ACTIVE
830,851,Kolkata,SAVINGS,209564.15,ACTIVE
831,381,Kolkata,CURRENT,98128.92,ACTIVE
832,283,Noida,CURRENT,16617.6,ACTIVE
833,874,Delhi,CURRENT,428470.05,ACTIVE
834,44,Kolkata,CURRENT,393428.45,ACTIVE
835,847,Indore,SAVINGS,391341.42,ACTIVE
836,504,Mumbai,SAVINGS,166724.07,ACTIVE
837,45,Chennai,CURRENT,327319.7,ACTIVE
838,282,Pune,CURRENT,240766.59,ACTIVE
839,208,Kanpur,CURRENT,366845.51,ACTIVE
840,8,Indore,CURRENT,387636.37,ACTIVE
841,472,Ahmedabad,SAVINGS,46735.67,ACTIVE
842,160,Pune,SAVINGS,364328.96,ACTIVE
843,991,Delhi,CURRENT,178773.68,ACTIVE
844,89,Bhopal,SAVINGS,356124.33,ACTIVE
845,355,Chandigarh,CURRENT,163131.84,ACTIVE
846,32,Bhopal,CURRENT,33068.28,ACTIVE
847,218,Bangalore,CURRENT,116460.78,ACTIVE
848,544,Hyderabad,CURRENT,324569.18,ACTIVE
849,110,Delhi,CURRENT,474149.97,ACTIVE
850,549,Jaipur,SAVINGS,254381.99,ACTIVE
851,353,Bhopal,CURRENT,187007.29,ACTIVE
852,421,Bhopal,CURRENT,486949.1,ACTIVE
853,254,Delhi,CURRENT,24682.25,ACTIVE
854,382,Noida,CURRENT,279537.52,ACTIVE
855,931,Mumbai,CURRENT,300384.05,ACTIVE
856,643,Hyderabad,SAVINGS,218370.84,ACTIVE
857,592,Bangalore,CURRENT,254113.06,ACTIVE
858,4,Indore,CURRENT,12849.8,ACTIVE
859,232,Hyderabad,SAVINGS,407783.62,ACTIVE
860,309,Jaipur,CURRENT,398283.58,ACTIVE
861,956,Bhopal,CURRENT,106366.75,ACTIVE
862,153,Chennai,SAVINGS,463057.7,ACTIVE
863,298,Delhi,SAVINGS,398140.45,ACTIVE
864,473,Gurgaon,SAVINGS,220136.42,ACTIVE
865,273,Noida,SAVINGS,332668.9,ACTIVE
866,282,Bhopal,SAVINGS,496250.72,ACTIVE
867,247,Lucknow,CURRENT,53035.03,ACTIVE
868,315,Chennai,CURRENT,143358.48,ACTIVE
869,824,Chennai,SAVINGS,97109.06,ACTIVE
870,708,Ahmedabad,CURRENT,33274.42,ACTIVE
871,410,Gurgaon,CURRENT,431487.84,ACTIVE
872,695,Pune,SAVINGS,181020.17,ACTIVE
873,290,Jaipur,CURRENT,187938.26,ACTIVE
874,60,Kolkata,CURRENT,435170.67,ACTIVE
875,427,Delhi,CURRENT,149799.33,ACTIVE
876,308,Hyderabad,CURRENT,494784.99,ACTIVE
877,488,Noida,SAVINGS,403002.24,ACTIVE
878,912,Bangalore,SAVINGS,105100.41,ACTIVE
879,210,Jaipur,SAVINGS,313456.57,ACTIVE
880,623,Kanpur,SAVINGS,226827.95,ACTIVE
881,172,Kanpur,CURRENT,125937.4,ACTIVE
882,363,Gurgaon,SAVINGS,67837.23,ACTIVE
883,787,Bangalore,CURRENT,152502.55,ACTIVE
884,984,Chandigarh,SAVINGS,242370.88,ACTIVE
885,815,Lucknow,SAVINGS,391191.08,ACTIVE
886,79,Lucknow,CURRENT,482031.24,ACTIVE
887,57,Noida,SAVINGS,75911.28,ACTIVE
888,261,Mumbai,SAVINGS,336764.64,ACTIVE
889,443,Noida,CURRENT,40800.39,ACTIVE
890,17,Pune,CURRENT,8711.49,ACTIVE
891,290,Mumbai,SAVINGS,14154.95,ACTIVE
892,62,Chennai,CURRENT,338020.98,ACTIVE
893,872,Bhopal,SAVINGS,147012.2,ACTIVE
894,34,Kanpur,CURRENT,20963.34,ACTIVE
895,780,Delhi,SAVINGS,352411.41,ACTIVE
896,584,Kanpur,CURRENT,280010.89,ACTIVE
897,32,Bhopal,CURRENT,454116.91,ACTIVE
898,340,Mumbai,SAVINGS,464645.75,ACTIVE
899,73,Noida,SAVINGS,397992.13,ACTIVE
900,549,Delhi,SAVINGS,145739.33,ACTIVE
901,785,Hyderabad,CURRENT,241190.23,ACTIVE
902,913,Mumbai,CURRENT,315850.46,ACTIVE
903,232,Mumbai,CURRENT,302512.75,ACTIVE
904,996,Delhi,CURRENT,380490.99,ACTIVE
905,428,Bhopal,CURRENT,224867.79,ACTIVE
906,156,Jaipur,SAVINGS,443557.38,ACTIVE
907,854,Bangalore,SAVINGS,435519.24,ACTIVE
908,731,Bangalore,SAVINGS,127695.88,ACTIVE
909,604,Delhi,SAVINGS,499541.97,ACTIVE
910,302,Indore,CURRENT,387949.16,ACTIVE
911,362,Pune,CURRENT,65190.03,ACTIVE
912,899,Indore,SAVINGS,436998.6,ACTIVE
913,321,Hyderabad,CURRENT,62594.76,ACTIVE
914,232,Jaipur,CURRENT,71788.13,ACTIVE
915,64,Lucknow,CURRENT,478158.88,ACTIVE
916,564,Indore,CURRENT,155210.34,ACTIVE
917,138,Hyderabad,CURRENT,496784.09,ACTIVE
918,701,Ahmedabad,SAVINGS,413305.26,ACTIVE
919,118,Chandigarh,SAVINGS,283742.94,ACTIVE
920,973,Chennai,CURRENT,115557.7,ACTIVE
921,811,Kolkata,CURRENT,84846.31,ACTIVE
922,618,Bangalore,SAVINGS,319789.81,ACTIVE
923,12,Ahmedabad,SAVINGS,397484.3,ACTIVE
924,845,Noida,CURRENT,367857.26,ACTIVE
925,735,Bhopal,CURRENT,82803.1,ACTIVE
926,81,Bhopal,SAVINGS,449738.48,ACTIVE
927,338,Ahmedabad,CURRENT,492125.1,ACTIVE
928,808,Gurgaon,CURRENT,134395.48,ACTIVE
929,163,Mumbai,SAVINGS,166957.18,ACTIVE
930,46,Chandigarh,CURRENT,44324.28,ACTIVE
931,741,Chandigarh,SAVINGS,61520.41,ACTIVE
932,135,Chennai,CURRENT,280363.67,ACTIVE
933,836,Mumbai,CURRENT,192253.03,ACTIVE
934,543,Kolkata,SAVINGS,267615.0,ACTIVE
935,773,Chandigarh,SAVINGS,23900.45,ACTIVE
936,759,Kanpur,SAVINGS,148099.0,ACTIVE
937,807,Hyderabad,SAVINGS,107832.4,ACTIVE
938,684,Bhopal,SAVINGS,238853.9,ACTIVE
939,612,Pune,CURRENT,162857.14,ACTIVE
940,937,Bangalore,SAVINGS,260870.1,ACTIVE
941,480,Bangalore,CURRENT,113647.92,ACTIVE
942,855,Pune,CURRENT,270034.81,ACTIVE
943,643,Mumbai,SAVINGS,489453.9,ACTIVE
944,967,Indore,CURRENT,58994.01,ACTIVE
945,641,Hyderabad,CURRENT,300485.83,ACTIVE
946,759,Chandigarh,SAVINGS,17399.61,ACTIVE
947,793,Gurgaon,SAVINGS,370481.52,ACTIVE
948,938,Kanpur,SAVINGS,227954.14,ACTIVE
949,912,Bhopal,SAVINGS,441422.3,ACTIVE
950,728,Kolkata,SAVINGS,73771.34,ACTIVE
951,942,Pune,CURRENT,23393.75,ACTIVE
952,498,Bangalore,CURRENT,254513.85,ACTIVE
953,186,Pune,CURRENT,231824.86,ACTIVE
954,626,Chandigarh,SAVINGS,377425.2,ACTIVE
955,481,Chennai,CURRENT,148163.38,ACTIVE
956,960,Indore,SAVINGS,328002.62,ACTIVE
957,574,Noida,SAVINGS,117380.72,ACTIVE
958,689,Gurgaon,CURRENT,444915.38,ACTIVE
959,471,Indore,SAVINGS,158256.65,ACTIVE
960,145,Hyderabad,CURRENT,46887.25,ACTIVE
961,199,Hyderabad,CURRENT,164903.24,ACTIVE
962,683,Bangalore,CURRENT,476714.37,ACTIVE
963,150,Lucknow,CURRENT,76971.7,ACTIVE
964,988,Chennai,CURRENT,378791.4,ACTIVE
965,257,Bhopal,SAVINGS,387985.29,ACTIVE
966,443,Pune,CURRENT,295673.63,ACTIVE
967,99,Delhi,CURRENT,234949.42,ACTIVE
968,263,Jaipur,CURRENT,365541.76,ACTIVE
969,192,Kanpur,SAVINGS,165579.19,ACTIVE
970,940,Gurgaon,CURRENT,318860.97,ACTIVE
971,500,Noida,CURRENT,221318.03,ACTIVE
972,598,Delhi,SAVINGS,217712.94,ACTIVE
973,290,Indore,SAVINGS,194565.07,ACTIVE
974,12,Bangalore,SAVINGS,359360.91,ACTIVE
975,836,Hyderabad,SAVINGS,426122.02,ACTIVE
976,42,Kolkata,CURRENT,303733.26,ACTIVE
977,585,Kanpur,CURRENT,283966.59,ACTIVE
978,243,Noida,CURRENT,38282.43,ACTIVE
979,159,Kanpur,CURRENT,454330.61,ACTIVE
980,675,Bangalore,CURRENT,435767.91,ACTIVE
981,250,Indore,CURRENT,112706.84,ACTIVE
982,731,Mumbai,SAVINGS,199519.4,ACTIVE
983,736,Kanpur,SAVINGS,362736.88,ACTIVE
984,923,Mumbai,SAVINGS,129122.57,ACTIVE
985,939,Indore,CURRENT,238311.16,ACTIVE
986,6,Kolkata,SAVINGS,160483.91,ACTIVE
987,935,Ahmedabad,SAVINGS,266727.73,ACTIVE
988,775,Bangalore,SAVINGS,169921.14,ACTIVE
989,229,Mumbai,CURRENT,31137.6,ACTIVE
990,311,Indore,SAVINGS,171069.28,ACTIVE
991,911,Gurgaon,SAVINGS,391911.06,ACTIVE
992,23,Kolkata,CURRENT,468646.82,ACTIVE
993,723,Chandigarh,CURRENT,19760.66,ACTIVE
994,866,Lucknow,SAVINGS,382689.2,ACTIVE
995,703,Pune,SAVINGS,429096.81,ACTIVE
996,52,Chennai,SAVINGS,231439.53,ACTIVE
997,807,Lucknow,CURRENT,76026.78,ACTIVE
998,623,Kanpur,CURRENT,309007.53,ACTIVE
999,172,Chandigarh,CURRENT,126788.97,ACTIVE
1000,344,Chandigarh,SAVINGS,257922.34,ACTIVE
1001,843,Bhopal,CURRENT,107942.94,ACTIVE
1002,988,Lucknow,CURRENT,458459.73,ACTIVE
1003,518,Indore,CURRENT,360341.12,ACTIVE
1004,639,Indore,SAVINGS,291154.84,ACTIVE
1005,187,Indore,CURRENT,25389.79,ACTIVE
1006,661,Mumbai,CURRENT,85272.7,ACTIVE
1007,784,Jaipur,SAVINGS,226029.63,ACTIVE
1008,756,Pune,SAVINGS,498292.67,ACTIVE
1009,709,Bhopal,SAVINGS,19309.98,ACTIVE
1010,497,Mumbai,CURRENT,347952.12,ACTIVE
1011,39,Lucknow,SAVINGS,155108.95,ACTIVE
1012,434,Hyderabad,SAVINGS,69143.02,ACTIVE
1013,294,Chennai,SAVINGS,106489.21,ACTIVE
1014,70,Chennai,CURRENT,490445.55,ACTIVE
1015,593,Chandigarh,SAVINGS,89250.53,ACTIVE
1016,212,Pune,SAVINGS,106261.19,ACTIVE
1017,836,Kanpur,SAVINGS,474795.45,ACTIVE
1018,577,Jaipur,CURRENT,24700.36,ACTIVE
1019,32,Chandigarh,CURRENT,361348.73,ACTIVE
1020,496,Lucknow,SAVINGS,211900.6,ACTIVE
1021,474,Hyderabad,CURRENT,221226.57,ACTIVE
1022,434,Bangalore,CURRENT,61934.09,ACTIVE
1023,881,Indore,CURRENT,210799.08,ACTIVE
1024,324,Gurgaon,SAVINGS,195681.63,ACTIVE
1025,293,Chennai,CURRENT,3480.79,ACTIVE
1026,904,Ahmedabad,SAVINGS,35040.64,ACTIVE
1027,556,Ahmedabad,SAVINGS,309222.03,ACTIVE
1028,832,Indore,CURRENT,103565.76,ACTIVE
1029,723,Bangalore,CURRENT,85817.79,ACTIVE
1030,590,Bhopal,SAVINGS,137512.62,ACTIVE
1031,528,Kanpur,SAVINGS,473654.06,ACTIVE
1032,901,Lucknow,SAVINGS,338977.31,ACTIVE
1033,763,Jaipur,SAVINGS,215401.06,ACTIVE
1034,524,Chennai,SAVINGS,91615.22,ACTIVE
1035,414,Bhopal,CURRENT,5390.01,ACTIVE
1036,609,Bhopal,CURRENT,190683.28,ACTIVE
1037,652,Hyderabad,CURRENT,344222.58,ACTIVE
1038,322,Bhopal,CURRENT,51547.99,ACTIVE
1039,788,Chennai,SAVINGS,146695.14,ACTIVE
1040,848,Kanpur,CURRENT,255100.6,ACTIVE
1041,278,Chennai,CURRENT,273699.55,ACTIVE
1042,383,Bangalore,SAVINGS,9889.46,ACTIVE
1043,280,Kolkata,CURRENT,30965.88,ACTIVE
1044,414,Bangalore,SAVINGS,79150.58,ACTIVE
1045,916,Noida,SAVINGS,312216.85,ACTIVE
1046,32,Kolkata,SAVINGS,82025.87,ACTIVE
1047,621,Pune,CURRENT,187252.65,ACTIVE
1048,309,Noida,CURRENT,255620.73,ACTIVE
1049,630,Gurgaon,CURRENT,461427.14,ACTIVE
1050,708,Ahmedabad,SAVINGS,244274.08,ACTIVE
1051,126,Gurgaon,CURRENT,403210.56,ACTIVE
1052,403,Indore,CURRENT,224891.22,ACTIVE
1053,314,Indore,SAVINGS,447425.96,ACTIVE
1054,468,Ahmedabad,CURRENT,422758.06,ACTIVE
1055,501,Kolkata,CURRENT,64187.82,ACTIVE
1056,820,Kanpur,SAVINGS,281236.14,ACTIVE
1057,972,Kanpur,SAVINGS,458029.18,ACTIVE
1058,410,Delhi,SAVINGS,444313.67,ACTIVE
1059,25,Kolkata,CURRENT,201803.48,ACTIVE
1060,908,Chandigarh,CURRENT,410876.62,ACTIVE
1061,689,Lucknow,CURRENT,1118.15,ACTIVE
1062,748,Kanpur,SAVINGS,88865.8,ACTIVE
1063,818,Lucknow,SAVINGS,376512.24,ACTIVE
1064,723,Ahmedabad,SAVINGS,227614.04,ACTIVE
1065,951,Noida,SAVINGS,228350.41,ACTIVE
1066,980,Lucknow,SAVINGS,215290.19,ACTIVE
1067,72,Mumbai,CURRENT,471948.1,ACTIVE
1068,619,Kolkata,SAVINGS,61916.28,ACTIVE
1069,459,Kolkata,CURRENT,328148.02,ACTIVE
1070,892,Noida,SAVINGS,394061.28,ACTIVE
1071,638,Bhopal,CURRENT,145437.44,ACTIVE
1072,796,Chennai,CURRENT,421642.49,ACTIVE
1073,310,Bhopal,SAVINGS,184961.42,ACTIVE
1074,874,Chennai,SAVINGS,163214.29,ACTIVE
1075,501,Pune,CURRENT,267414.62,ACTIVE
1076,51,Gurgaon,SAVINGS,286790.54,ACTIVE
1077,236,Bangalore,CURRENT,27988.49,ACTIVE
1078,890,Gurgaon,SAVINGS,160650.24,ACTIVE
1079,417,Lucknow,SAVINGS,424100.68,ACTIVE
1080,779,Jaipur,CURRENT,203088.55,ACTIVE
1081,113,Hyderabad,CURRENT,45202.49,ACTIVE
1082,253,Ahmedabad,CURRENT,348525.11,ACTIVE
1083,444,Chennai,SAVINGS,55021.73,ACTIVE
1084,298,Gurgaon,CURRENT,113562.24,ACTIVE
1085,882,Ahmedabad,CURRENT,375054.41,ACTIVE
1086,912,Kanpur,SAVINGS,271484.07,ACTIVE
1087,162,Bhopal,SAVINGS,232646.56,ACTIVE
1088,349,Bangalore,CURRENT,476056.94,ACTIVE
1089,595,Indore,SAVINGS,357987.24,ACTIVE
1090,886,Bangalore,CURRENT,488795.59,ACTIVE
1091,505,Bangalore,SAVINGS,389441.88,ACTIVE
1092,113,Chandigarh,SAVINGS,289008.57,ACTIVE
1093,540,Kolkata,SAVINGS,493664.11,ACTIVE
1094,169,Jaipur,CURRENT,180121.26,ACTIVE
1095,612,Bhopal,CURRENT,117467.43,ACTIVE
1096,558,Lucknow,SAVINGS,35403.01,ACTIVE
1097,572,Gurgaon,SAVINGS,289577.69,ACTIVE
1098,562,Jaipur,CURRENT,84183.37,ACTIVE
1099,257,Mumbai,SAVINGS,82294.61,ACTIVE
1100,717,Mumbai,SAVINGS,34987.96,ACTIVE
1101,130,Bhopal,CURRENT,391048.58,ACTIVE
1102,173,Delhi,SAVINGS,90927.17,ACTIVE
1103,15,Kanpur,SAVINGS,282866.8,ACTIVE
1104,241,Hyderabad,SAVINGS,472326.33,ACTIVE
1105,63,Lucknow,SAVINGS,287324.51,ACTIVE
1106,119,Ahmedabad,CURRENT,143047.37,ACTIVE
1107,284,Bhopal,CURRENT,391607.25,ACTIVE
1108,869,Delhi,CURRENT,368568.18,ACTIVE
1109,543,Mumbai,SAVINGS,66182.06,ACTIVE
1110,683,Jaipur,CURRENT,124315.0,ACTIVE
1111,510,Hyderabad,SAVINGS,270545.72,ACTIVE
1112,14,Gurgaon,SAVINGS,307477.49,ACTIVE
1113,230,Gurgaon,CURRENT,55331.42,ACTIVE
1114,175,Hyderabad,SAVINGS,147745.4,ACTIVE
1115,703,Pune,CURRENT,488516.37,ACTIVE
1116,259,Mumbai,CURRENT,287951.21,ACTIVE
1117,175,Jaipur,SAVINGS,149360.31,ACTIVE
1118,746,Hyderabad,CURRENT,315782.09,ACTIVE
1119,628,Chandigarh,SAVINGS,83398.92,ACTIVE
1120,361,Bhopal,CURRENT,115268.89,ACTIVE
1121,729,Ahmedabad,CURRENT,260941.86,ACTIVE
1122,645,Hyderabad,CURRENT,250579.68,ACTIVE
1123,786,Kolkata,CURRENT,413267.55,ACTIVE
1124,908,Ahmedabad,SAVINGS,320456.13,ACTIVE
1125,991,Bangalore,CURRENT,180172.89,ACTIVE
1126,881,Hyderabad,SAVINGS,215968.27,ACTIVE
1127,537,Pune,SAVINGS,189428.99,ACTIVE
1128,903,Jaipur,CURRENT,493717.78,ACTIVE
1129,230,Chennai,SAVINGS,422605.16,ACTIVE
1130,26,Kolkata,CURRENT,325364.58,ACTIVE
1131,669,Kolkata,CURRENT,135574.15,ACTIVE
1132,488,Delhi,SAVINGS,383186.7,ACTIVE
1133,296,Kanpur,SAVINGS,189102.81,ACTIVE
1134,108,Hyderabad,CURRENT,393113.55,ACTIVE
1135,296,Bhopal,CURRENT,103180.89,ACTIVE
1136,689,Chennai,CURRENT,181464.71,ACTIVE
1137,571,Kolkata,SAVINGS,325708.5,ACTIVE
1138,249,Indore,SAVINGS,438824.35,ACTIVE
1139,745,Indore,SAVINGS,407220.94,ACTIVE
1140,712,Mumbai,CURRENT,119534.03,ACTIVE
1141,473,Chennai,SAVINGS,186339.58,ACTIVE
1142,516,Mumbai,CURRENT,36282.92,ACTIVE
1143,64,Ahmedabad,SAVINGS,67702.58,ACTIVE
1144,676,Pune,CURRENT,440897.64,ACTIVE
1145,212,Chennai,CURRENT,25065.85,ACTIVE
1146,371,Kanpur,CURRENT,492306.24,ACTIVE
1147,226,Delhi,SAVINGS,40592.08,ACTIVE
1148,35,Jaipur,CURRENT,73738.52,ACTIVE
1149,946,Hyderabad,SAVINGS,470394.24,ACTIVE
1150,23,Jaipur,CURRENT,258704.93,ACTIVE
1151,246,Lucknow,SAVINGS,153130.63,ACTIVE
1152,794,Hyderabad,SAVINGS,335735.07,ACTIVE
1153,742,Ahmedabad,SAVINGS,179875.66,ACTIVE
1154,283,Bhopal,SAVINGS,409559.87,ACTIVE
1155,958,Kanpur,CURRENT,381191.13,ACTIVE
1156,944,Bhopal,CURRENT,76072.69,ACTIVE
1157,817,Hyderabad,CURRENT,41861.51,ACTIVE
1158,915,Jaipur,SAVINGS,246441.42,ACTIVE
1159,466,Gurgaon,SAVINGS,67344.05,ACTIVE
1160,263,Hyderabad,SAVINGS,461746.81,ACTIVE
1161,962,Bangalore,SAVINGS,155895.9,ACTIVE
1162,164,Ahmedabad,SAVINGS,50091.22,ACTIVE
1163,881,Kanpur,CURRENT,176587.6,ACTIVE
1164,75,Kolkata,CURRENT,113125.05,ACTIVE
1165,782,Mumbai,CURRENT,373097.94,ACTIVE
1166,871,Pune,CURRENT,10996.56,ACTIVE
1167,701,Chandigarh,SAVINGS,365298.4,ACTIVE
1168,589,Ahmedabad,SAVINGS,465144.26,ACTIVE
1169,966,Bhopal,CURRENT,360922.33,ACTIVE
1170,610,Mumbai,SAVINGS,84930.56,ACTIVE
1171,159,Pune,SAVINGS,101733.34,ACTIVE
1172,597,Bangalore,CURRENT,398803.75,ACTIVE
1173,55,Indore,SAVINGS,435962.88,ACTIVE
1174,841,Ahmedabad,CURRENT,110214.15,ACTIVE
1175,5,Ahmedabad,SAVINGS,136970.56,ACTIVE
1176,558,Pune,SAVINGS,443846.3,ACTIVE
1177,811,Chennai,SAVINGS,285318.08,ACTIVE
1178,138,Bangalore,CURRENT,46129.92,ACTIVE
1179,255,Kolkata,CURRENT,394994.18,ACTIVE
1180,243,Mumbai,CURRENT,455598.91,ACTIVE
1181,247,Kanpur,CURRENT,476016.78,ACTIVE
1182,417,Pune,CURRENT,162991.51,ACTIVE
1183,602,Lucknow,CURRENT,165273.95,ACTIVE
1184,336,Chennai,SAVINGS,303261.7,ACTIVE
1185,68,Kolkata,SAVINGS,262908.13,ACTIVE
1186,253,Kanpur,SAVINGS,88922.93,ACTIVE
1187,6,Indore,SAVINGS,153859.51,ACTIVE
1188,113,Kolkata,CURRENT,1632.3,ACTIVE
1189,893,Pune,CURRENT,341120.98,ACTIVE
1190,161,Bhopal,CURRENT,473326.68,ACTIVE
1191,326,Kolkata,SAVINGS,93632.53,ACTIVE
1192,464,Ahmedabad,SAVINGS,12605.19,ACTIVE
1193,725,Delhi,CURRENT,477948.61,ACTIVE
1194,584,Noida,CURRENT,168634.96,ACTIVE
1195,353,Bangalore,SAVINGS,237748.61,ACTIVE
1196,674,Jaipur,CURRENT,19758.28,ACTIVE
1197,70,Chennai,CURRENT,60140.86,ACTIVE
1198,317,Pune,CURRENT,498682.38,ACTIVE
1199,738,Lucknow,SAVINGS,145317.69,ACTIVE
1200,203,Delhi,SAVINGS,400961.39,ACTIVE
1201,609,Pune,SAVINGS,277568.9,ACTIVE
1202,504,Delhi,SAVINGS,155801.08,ACTIVE
1203,28,Ahmedabad,CURRENT,89025.36,ACTIVE
1204,747,Gurgaon,CURRENT,448229.5,ACTIVE
1205,778,Bangalore,CURRENT,173148.23,ACTIVE
1206,381,Gurgaon,SAVINGS,236434.98,ACTIVE
1207,225,Indore,SAVINGS,382785.53,ACTIVE
1208,927,Indore,SAVINGS,256323.82,ACTIVE
1209,928,Lucknow,CURRENT,390086.84,ACTIVE
1210,232,Indore,CURRENT,24642.25,ACTIVE
1211,886,Bangalore,CURRENT,387646.96,ACTIVE
1212,595,Indore,SAVINGS,396124.42,ACTIVE
1213,250,Bangalore,SAVINGS,418308.8,ACTIVE
1214,386,Kanpur,SAVINGS,197163.22,ACTIVE
1215,656,Kolkata,CURRENT,456919.08,ACTIVE
1216,132,Chandigarh,SAVINGS,387076.68,ACTIVE
1217,16,Pune,SAVINGS,52384.24,ACTIVE
1218,766,Chennai,SAVINGS,50242.72,ACTIVE
1219,386,Kanpur,CURRENT,451528.04,ACTIVE
1220,627,Bangalore,SAVINGS,21096.42,ACTIVE
1221,352,Gurgaon,SAVINGS,228351.26,ACTIVE
1222,403,Hyderabad,CURRENT,349999.77,ACTIVE
1223,17,Hyderabad,CURRENT,71746.89,ACTIVE
1224,850,Gurgaon,CURRENT,143042.52,ACTIVE
1225,817,Ahmedabad,CURRENT,439069.94,ACTIVE
1226,422,Indore,CURRENT,92417.21,ACTIVE
1227,10,Kanpur,SAVINGS,150549.99,ACTIVE
1228,859,Chennai,CURRENT,181755.15,ACTIVE
1229,567,Chandigarh,CURRENT,104386.41,ACTIVE
1230,221,Jaipur,CURRENT,426898.29,ACTIVE
1231,466,Noida,CURRENT,102525.45,ACTIVE
1232,327,Mumbai,SAVINGS,490347.45,ACTIVE
1233,375,Jaipur,CURRENT,461071.88,ACTIVE
1234,532,Chennai,SAVINGS,192494.09,ACTIVE
1235,40,Lucknow,CURRENT,66595.61,ACTIVE
1236,29,Mumbai,CURRENT,224744.15,ACTIVE
1237,919,Ahmedabad,CURRENT,100033.76,ACTIVE
1238,611,Indore,SAVINGS,180534.45,ACTIVE
1239,508,Noida,CURRENT,59749.98,ACTIVE
1240,189,Kolkata,CURRENT,303361.01,ACTIVE
1241,111,Bangalore,SAVINGS,94386.07,ACTIVE
1242,739,Bhopal,CURRENT,444282.87,ACTIVE
1243,414,Hyderabad,SAVINGS,222937.4,ACTIVE
1244,726,Chennai,CURRENT,312235.25,ACTIVE
1245,540,Bhopal,CURRENT,110111.85,ACTIVE
1246,504,Jaipur,CURRENT,252499.47,ACTIVE
1247,980,Bhopal,CURRENT,383418.85,ACTIVE
1248,631,Chandigarh,CURRENT,26696.31,ACTIVE
1249,41,Noida,CURRENT,98039.55,ACTIVE
1250,939,Delhi,CURRENT,427159.52,ACTIVE
1251,248,Gurgaon,SAVINGS,388740.23,ACTIVE
1252,68,Indore,SAVINGS,141818.23,ACTIVE
1253,107,Kolkata,CURRENT,459172.16,ACTIVE
1254,70,Bangalore,SAVINGS,494229.51,ACTIVE
1255,179,Chandigarh,SAVINGS,57298.14,ACTIVE
1256,85,Delhi,SAVINGS,421545.39,ACTIVE
1257,563,Bangalore,SAVINGS,30569.51,ACTIVE
1258,213,Mumbai,SAVINGS,261121.67,ACTIVE
1259,308,Ahmedabad,CURRENT,352538.27,ACTIVE
1260,861,Hyderabad,CURRENT,91809.04,ACTIVE
1261,189,Lucknow,CURRENT,411262.0,ACTIVE
1262,92,Ahmedabad,SAVINGS,405625.89,ACTIVE
1263,424,Ahmedabad,CURRENT,422928.14,ACTIVE
1264,140,Kanpur,CURRENT,490875.82,ACTIVE
1265,487,Noida,CURRENT,214802.35,ACTIVE
1266,697,Lucknow,SAVINGS,84314.01,ACTIVE
1267,61,Indore,SAVINGS,129097.27,ACTIVE
1268,513,Pune,SAVINGS,300766.53,ACTIVE
1269,422,Hyderabad,CURRENT,96598.66,ACTIVE
1270,597,Pune,CURRENT,412034.94,ACTIVE
1271,630,Mumbai,CURRENT,70371.73,ACTIVE
1272,472,Bhopal,CURRENT,146634.99,ACTIVE
1273,4,Indore,CURRENT,397740.21,ACTIVE
1274,164,Chandigarh,SAVINGS,33870.43,ACTIVE
1275,983,Gurgaon,CURRENT,443866.5,ACTIVE
1276,253,Bhopal,CURRENT,75565.33,ACTIVE
1277,489,Bangalore,SAVINGS,462765.22,ACTIVE
1278,581,Pune,SAVINGS,362052.86,ACTIVE
1279,354,Noida,CURRENT,293505.75,ACTIVE
1280,524,Kanpur,SAVINGS,275536.87,ACTIVE
1281,868,Mumbai,CURRENT,74653.77,ACTIVE
1282,486,Noida,SAVINGS,38598.34,ACTIVE
1283,401,Lucknow,CURRENT,156128.52,ACTIVE
1284,111,Delhi,CURRENT,167399.73,ACTIVE
1285,609,Jaipur,SAVINGS,387163.31,ACTIVE
1286,66,Kanpur,CURRENT,353664.62,ACTIVE
1287,917,Lucknow,CURRENT,329786.44,ACTIVE
1288,355,Chandigarh,SAVINGS,104206.21,ACTIVE
1289,325,Chennai,CURRENT,87106.05,ACTIVE
1290,148,Lucknow,CURRENT,427006.23,ACTIVE
1291,710,Kolkata,SAVINGS,290897.13,ACTIVE
1292,781,Ahmedabad,CURRENT,245463.99,ACTIVE
1293,948,Chandigarh,SAVINGS,426622.93,ACTIVE
1294,986,Chandigarh,CURRENT,277785.13,ACTIVE
1295,956,Hyderabad,CURRENT,466651.62,ACTIVE
1296,103,Lucknow,SAVINGS,261509.86,ACTIVE
1297,405,Indore,SAVINGS,22662.95,ACTIVE
1298,628,Kolkata,CURRENT,226718.6,ACTIVE
1299,941,Chennai,SAVINGS,16187.27,ACTIVE
1300,992,Noida,SAVINGS,217240.39,ACTIVE
1301,591,Gurgaon,SAVINGS,490144.74,ACTIVE
1302,970,Pune,SAVINGS,478316.85,ACTIVE
1303,293,Pune,SAVINGS,263863.72,ACTIVE
1304,527,Indore,SAVINGS,17630.86,ACTIVE
1305,938,Indore,SAVINGS,402160.6,ACTIVE
1306,149,Ahmedabad,CURRENT,198795.81,ACTIVE
1307,673,Indore,CURRENT,292447.74,ACTIVE
1308,602,Chennai,CURRENT,146741.28,ACTIVE
1309,928,Pune,SAVINGS,402235.98,ACTIVE
1310,6,Jaipur,CURRENT,454881.39,ACTIVE
1311,241,Bangalore,CURRENT,409618.89,ACTIVE
1312,344,Bhopal,CURRENT,381141.75,ACTIVE
1313,162,Kanpur,SAVINGS,499196.41,ACTIVE
1314,592,Delhi,CURRENT,406394.05,ACTIVE
1315,674,Mumbai,SAVINGS,147109.9,ACTIVE
1316,580,Chennai,SAVINGS,109021.84,ACTIVE
1317,467,Bhopal,SAVINGS,27882.52,ACTIVE
1318,731,Chennai,CURRENT,164788.49,ACTIVE
1319,636,Bangalore,CURRENT,120060.53,ACTIVE
1320,750,Kolkata,CURRENT,236046.12,ACTIVE
1321,32,Bhopal,SAVINGS,225711.12,ACTIVE
1322,970,Indore,CURRENT,155244.36,ACTIVE
1323,694,Gurgaon,SAVINGS,418748.28,ACTIVE
1324,975,Kolkata,CURRENT,110808.21,ACTIVE
1325,780,Pune,CURRENT,34274.08,ACTIVE
1326,964,Gurgaon,CURRENT,131453.11,ACTIVE
1327,838,Bangalore,SAVINGS,134939.88,ACTIVE
1328,506,Pune,CURRENT,367043.9,ACTIVE
1329,882,Noida,CURRENT,121411.8,ACTIVE
1330,728,Lucknow,SAVINGS,414084.87,ACTIVE
1331,221,Kanpur,SAVINGS,142683.48,ACTIVE
1332,363,Noida,SAVINGS,395148.6,ACTIVE
1333,574,Pune,CURRENT,292305.63,ACTIVE
1334,540,Gurgaon,SAVINGS,143524.83,ACTIVE
1335,64,Pune,SAVINGS,46650.25,ACTIVE
1336,196,Delhi,CURRENT,110439.42,ACTIVE
1337,485,Chennai,CURRENT,374954.62,ACTIVE
1338,618,Jaipur,CURRENT,389255.69,ACTIVE
1339,553,Chennai,CURRENT,427612.57,ACTIVE
1340,714,Gurgaon,SAVINGS,361418.42,ACTIVE
1341,641,Gurgaon,SAVINGS,307325.06,ACTIVE
1342,765,Chandigarh,CURRENT,132367.35,ACTIVE
1343,757,Noida,CURRENT,176422.38,ACTIVE
1344,87,Chennai,SAVINGS,385670.84,ACTIVE
1345,151,Jaipur,SAVINGS,340259.21,ACTIVE
1346,466,Chennai,CURRENT,139120.09,ACTIVE
1347,450,Jaipur,SAVINGS,275371.67,ACTIVE
1348,86,Jaipur,CURRENT,496997.78,ACTIVE
1349,687,Indore,CURRENT,408919.66,ACTIVE
1350,917,Gurgaon,CURRENT,433107.57,ACTIVE
1351,684,Lucknow,CURRENT,142679.09,ACTIVE
1352,419,Bangalore,CURRENT,322907.81,ACTIVE
1353,101,Pune,SAVINGS,341442.87,ACTIVE
1354,282,Delhi,CURRENT,200239.94,ACTIVE
1355,343,Chennai,CURRENT,157477.75,ACTIVE
1356,695,Indore,SAVINGS,447979.9,ACTIVE
1357,805,Noida,SAVINGS,416888.43,ACTIVE
1358,620,Noida,CURRENT,286866.36,ACTIVE
1359,282,Lucknow,CURRENT,496270.76,ACTIVE
1360,128,Indore,CURRENT,211166.35,ACTIVE
1361,400,Mumbai,CURRENT,279875.3,ACTIVE
1362,104,Ahmedabad,CURRENT,48058.06,ACTIVE
1363,683,Lucknow,SAVINGS,49049.13,ACTIVE
1364,765,Chennai,SAVINGS,422106.8,ACTIVE
1365,182,Noida,CURRENT,452208.89,ACTIVE
1366,35,Jaipur,SAVINGS,94248.44,ACTIVE
1367,436,Chennai,CURRENT,437360.61,ACTIVE
1368,266,Pune,CURRENT,285074.49,ACTIVE
1369,261,Mumbai,SAVINGS,80469.71,ACTIVE
1370,198,Ahmedabad,CURRENT,245639.48,ACTIVE
1371,578,Pune,CURRENT,388926.15,ACTIVE
1372,395,Kanpur,CURRENT,37258.61,ACTIVE
1373,291,Bangalore,CURRENT,115216.05,ACTIVE
1374,963,Lucknow,SAVINGS,238089.87,ACTIVE
1375,689,Jaipur,CURRENT,408865.52,ACTIVE
1376,363,Jaipur,SAVINGS,417137.62,ACTIVE
1377,516,Bangalore,CURRENT,3586.56,ACTIVE
1378,600,Pune,SAVINGS,387437.03,ACTIVE
1379,693,Bangalore,SAVINGS,105140.22,ACTIVE
1380,165,Lucknow,CURRENT,235064.79,ACTIVE
1381,904,Kanpur,SAVINGS,353600.5,ACTIVE
1382,855,Pune,SAVINGS,169149.61,ACTIVE
1383,832,Jaipur,SAVINGS,471045.53,ACTIVE
1384,687,Lucknow,CURRENT,487863.39,ACTIVE
1385,80,Delhi,SAVINGS,483535.36,ACTIVE
1386,377,Mumbai,SAVINGS,292013.42,ACTIVE
1387,70,Pune,CURRENT,480111.35,ACTIVE
1388,988,Jaipur,CURRENT,238637.56,ACTIVE
1389,308,Jaipur,SAVINGS,132924.11,ACTIVE
1390,816,Chandigarh,SAVINGS,17712.84,ACTIVE
1391,220,Delhi,CURRENT,459172.2,ACTIVE
1392,776,Kanpur,CURRENT,279406.81,ACTIVE
1393,612,Jaipur,SAVINGS,231743.36,ACTIVE
1394,710,Kolkata,SAVINGS,106456.93,ACTIVE
1395,648,Mumbai,CURRENT,380644.67,ACTIVE
1396,563,Chennai,SAVINGS,92014.84,ACTIVE
1397,847,Hyderabad,CURRENT,399464.18,ACTIVE
1398,346,Pune,CURRENT,403256.85,ACTIVE
1399,507,Bangalore,CURRENT,91386.06,ACTIVE
1400,440,Kolkata,CURRENT,65437.26,ACTIVE
1401,402,Chandigarh,CURRENT,67465.74,ACTIVE
1402,211,Bhopal,SAVINGS,154891.03,ACTIVE
1403,82,Mumbai,SAVINGS,413718.92,ACTIVE
1404,670,Noida,CURRENT,247205.84,ACTIVE
1405,182,Chandigarh,SAVINGS,285411.11,ACTIVE
1406,122,Mumbai,CURRENT,91101.96,ACTIVE
1407,966,Kolkata,CURRENT,491401.05,ACTIVE
1408,607,Kanpur,SAVINGS,364823.66,ACTIVE
1409,199,Mumbai,CURRENT,357469.31,ACTIVE
1410,439,Hyderabad,CURRENT,193653.1,ACTIVE
1411,536,Delhi,SAVINGS,216319.96,ACTIVE
1412,759,Chennai,CURRENT,62202.4,ACTIVE
1413,876,Gurgaon,SAVINGS,122890.56,ACTIVE
1414,469,Pune,CURRENT,163851.86,ACTIVE
1415,421,Noida,SAVINGS,38549.8,ACTIVE
1416,285,Jaipur,SAVINGS,458959.69,ACTIVE
1417,510,Noida,SAVINGS,192828.36,ACTIVE
1418,160,Mumbai,CURRENT,310105.68,ACTIVE
1419,723,Lucknow,CURRENT,420345.46,ACTIVE
1420,471,Gurgaon,SAVINGS,216528.54,ACTIVE
1421,823,Jaipur,SAVINGS,227771.21,ACTIVE
1422,179,Kolkata,SAVINGS,484660.51,ACTIVE
1423,497,Jaipur,SAVINGS,340152.81,ACTIVE
1424,935,Chennai,SAVINGS,247594.94,ACTIVE
1425,819,Kanpur,CURRENT,339889.0,ACTIVE
1426,273,Lucknow,CURRENT,311608.04,ACTIVE
1427,446,Mumbai,CURRENT,29019.07,ACTIVE
1428,394,Delhi,CURRENT,266847.31,ACTIVE
1429,746,Ahmedabad,CURRENT,353444.55,ACTIVE
1430,366,Gurgaon,CURRENT,135491.17,ACTIVE
1431,139,Indore,CURRENT,197921.37,ACTIVE
1432,882,Chandigarh,CURRENT,322770.92,ACTIVE
1433,637,Ahmedabad,CURRENT,110365.93,ACTIVE
1434,497,Noida,SAVINGS,154450.75,ACTIVE
1435,171,Bhopal,CURRENT,123823.7,ACTIVE
1436,536,Jaipur,SAVINGS,471512.24,ACTIVE
1437,727,Hyderabad,CURRENT,142505.79,ACTIVE
1438,294,Kolkata,CURRENT,432629.6,ACTIVE
1439,449,Bangalore,SAVINGS,35419.51,ACTIVE
1440,433,Gurgaon,CURRENT,466102.41,ACTIVE
1441,729,Chennai,CURRENT,18936.34,ACTIVE
1442,757,Indore,CURRENT,499105.56,ACTIVE
1443,182,Noida,SAVINGS,255187.28,ACTIVE
1444,739,Bangalore,CURRENT,103011.52,ACTIVE
1445,220,Gurgaon,CURRENT,386908.21,ACTIVE
1446,331,Gurgaon,CURRENT,377812.16,ACTIVE
1447,783,Kolkata,CURRENT,339371.32,ACTIVE
1448,418,Jaipur,SAVINGS,473384.83,ACTIVE
1449,234,Delhi,SAVINGS,189262.17,ACTIVE
1450,218,Mumbai,SAVINGS,355846.56,ACTIVE
1451,876,Ahmedabad,CURRENT,261356.25,ACTIVE
1452,62,Ahmedabad,SAVINGS,403666.52,ACTIVE
1453,703,Lucknow,CURRENT,100089.31,ACTIVE
1454,467,Pune,CURRENT,182562.49,ACTIVE
1455,170,Noida,SAVINGS,480051.25,ACTIVE
1456,510,Hyderabad,CURRENT,156733.16,ACTIVE
1457,265,Kolkata,SAVINGS,326684.29,ACTIVE
1458,3,Noida,CURRENT,241498.67,ACTIVE
1459,667,Chandigarh,SAVINGS,4408.98,ACTIVE
1460,881,Jaipur,SAVINGS,406023.84,ACTIVE
1461,693,Lucknow,SAVINGS,433061.34,ACTIVE
1462,794,Kolkata,SAVINGS,218045.06,ACTIVE
1463,753,Hyderabad,CURRENT,401622.96,ACTIVE
1464,978,Noida,SAVINGS,214011.95,ACTIVE
1465,57,Delhi,CURRENT,484976.48,ACTIVE
1466,555,Lucknow,SAVINGS,170046.38,ACTIVE
1467,930,Mumbai,CURRENT,371838.97,ACTIVE
1468,617,Kanpur,CURRENT,53706.45,ACTIVE
1469,617,Ahmedabad,CURRENT,397489.36,ACTIVE
1470,252,Mumbai,CURRENT,170855.49,ACTIVE
1471,858,Mumbai,SAVINGS,156340.48,ACTIVE
1472,823,Kolkata,CURRENT,493796.46,ACTIVE
1473,12,Chennai,SAVINGS,208383.08,ACTIVE
1474,340,Mumbai,CURRENT,50384.6,ACTIVE
1475,407,Indore,SAVINGS,91073.18,ACTIVE
1476,616,Kolkata,CURRENT,39592.34,ACTIVE
1477,382,Bhopal,SAVINGS,118394.34,ACTIVE
1478,133,Chennai,SAVINGS,215320.53,ACTIVE
1479,322,Chandigarh,CURRENT,406008.34,ACTIVE
1480,670,Lucknow,CURRENT,363561.25,ACTIVE
1481,542,Chandigarh,SAVINGS,221814.21,ACTIVE
1482,268,Noida,SAVINGS,384060.21,ACTIVE
1483,858,Hyderabad,SAVINGS,174408.15,ACTIVE
1484,360,Indore,CURRENT,390128.72,ACTIVE
1485,473,Pune,CURRENT,115127.06,ACTIVE
1486,83,Delhi,CURRENT,313063.17,ACTIVE
1487,325,Indore,SAVINGS,411804.17,ACTIVE
1488,57,Jaipur,SAVINGS,305036.41,ACTIVE
1489,605,Chennai,CURRENT,368841.11,ACTIVE
1490,270,Noida,SAVINGS,437982.95,ACTIVE
1491,429,Kolkata,SAVINGS,118544.47,ACTIVE
1492,785,Ahmedabad,SAVINGS,342608.88,ACTIVE
1493,870,Mumbai,SAVINGS,433204.56,ACTIVE
1494,915,Pune,SAVINGS,23931.82,ACTIVE
1495,581,Bangalore,CURRENT,68507.53,ACTIVE
1496,435,Chandigarh,CURRENT,163052.52,ACTIVE
1497,264,Delhi,CURRENT,257110.67,ACTIVE
1498,336,Bhopal,CURRENT,184349.32,ACTIVE
1499,822,Gurgaon,SAVINGS,320425.8,ACTIVE
1500,372,Pune,CURRENT,112001.95,ACTIVE
